{
  "loss": [
    0.7345483899116516,
    0.5946242809295654,
    0.5715702176094055,
    0.5018296837806702,
    0.4533676505088806,
    0.561535656452179,
    0.5119005441665649,
    0.5449811220169067,
    0.548873245716095,
    0.516960084438324,
    0.52361661195755,
    0.5260041952133179,
    0.4606412947177887,
    0.5532655715942383,
    0.4784713685512543,
    0.5016148686408997,
    0.4775918126106262,
    0.5487209558486938,
    0.5316660404205322,
    0.49806374311447144,
    0.4551568627357483,
    0.5281100273132324,
    0.5264085531234741,
    0.5196212530136108,
    0.46513277292251587,
    0.4894563555717468,
    0.5240496397018433,
    0.5099037885665894,
    0.46579065918922424,
    0.508844256401062,
    0.5265054106712341,
    0.5117954611778259,
    0.45859989523887634,
    0.5332128405570984,
    0.5366516709327698,
    0.5376647114753723,
    0.5333213210105896,
    0.4910164475440979,
    0.5188527703285217,
    0.49529752135276794,
    0.5129584670066833,
    0.522748589515686,
    0.48338747024536133,
    0.5430175065994263,
    0.5715605020523071,
    0.495197594165802,
    0.46618714928627014,
    0.46661490201950073,
    0.4918157160282135,
    0.5330292582511902,
    0.4859797954559326,
    0.4613170027732849,
    0.5315597057342529,
    0.509943425655365,
    0.4345006048679352,
    0.4565396308898926,
    0.4561006426811218,
    0.5265976786613464,
    0.5531860589981079,
    0.5395454168319702,
    0.4797392785549164,
    0.5589861869812012,
    0.48670512437820435,
    0.4796397089958191,
    0.5371828079223633,
    0.49870967864990234,
    0.4555149972438812,
    0.4918161928653717,
    0.4945859909057617,
    0.5008149743080139,
    0.5271564722061157,
    0.5363155603408813,
    0.5379378199577332,
    0.4965974688529968,
    0.47913748025894165,
    0.5012234449386597,
    0.48407620191574097,
    0.47545138001441956,
    0.4769788682460785,
    0.45399245619773865,
    0.5721486210823059,
    0.49622130393981934,
    0.4788014888763428,
    0.5427216291427612,
    0.5271958112716675,
    0.4983745515346527,
    0.5013231039047241,
    0.513667643070221,
    0.5123956799507141,
    0.5636948943138123,
    0.5261416435241699,
    0.5471123456954956,
    0.5148643255233765,
    0.4942217469215393,
    0.5027459859848022,
    0.49966317415237427,
    0.558706521987915,
    0.48939818143844604,
    0.5032537579536438,
    0.49481868743896484
  ],
  "accuracy": [
    0.643750011920929,
    0.7124999761581421,
    0.7124999761581421,
    0.7906249761581421,
    0.815625011920929,
    0.75,
    0.75,
    0.765625,
    0.75,
    0.7749999761581421,
    0.7718750238418579,
    0.7562500238418579,
    0.824999988079071,
    0.737500011920929,
    0.8031250238418579,
    0.7562500238418579,
    0.7906249761581421,
    0.75,
    0.731249988079071,
    0.7749999761581421,
    0.8187500238418579,
    0.762499988079071,
    0.762499988079071,
    0.753125011920929,
    0.809374988079071,
    0.784375011920929,
    0.7749999761581421,
    0.7875000238418579,
    0.8125,
    0.7749999761581421,
    0.762499988079071,
    0.753125011920929,
    0.800000011920929,
    0.7593749761581421,
    0.75,
    0.7437499761581421,
    0.753125011920929,
    0.809374988079071,
    0.7718750238418579,
    0.768750011920929,
    0.793749988079071,
    0.75,
    0.7906249761581421,
    0.7593749761581421,
    0.7250000238418579,
    0.7718750238418579,
    0.7906249761581421,
    0.8062499761581421,
    0.784375011920929,
    0.778124988079071,
    0.78125,
    0.793749988079071,
    0.768750011920929,
    0.78125,
    0.8218749761581421,
    0.78125,
    0.800000011920929,
    0.765625,
    0.7593749761581421,
    0.7437499761581421,
    0.815625011920929,
    0.71875,
    0.78125,
    0.793749988079071,
    0.746874988079071,
    0.7718750238418579,
    0.8187500238418579,
    0.7875000238418579,
    0.778124988079071,
    0.784375011920929,
    0.7749999761581421,
    0.762499988079071,
    0.7593749761581421,
    0.78125,
    0.768750011920929,
    0.778124988079071,
    0.796875,
    0.7906249761581421,
    0.7718750238418579,
    0.796875,
    0.737500011920929,
    0.762499988079071,
    0.796875,
    0.737500011920929,
    0.765625,
    0.784375011920929,
    0.78125,
    0.768750011920929,
    0.7749999761581421,
    0.737500011920929,
    0.7749999761581421,
    0.746874988079071,
    0.753125011920929,
    0.7875000238418579,
    0.7562500238418579,
    0.7593749761581421,
    0.746874988079071,
    0.778124988079071,
    0.784375011920929,
    0.8031250238418579
  ],
  "mean_absolute_error": [
    0.40420079231262207,
    0.3351588547229767,
    0.3563308119773865,
    0.3287714719772339,
    0.29085811972618103,
    0.3366726338863373,
    0.33168092370033264,
    0.3287692368030548,
    0.32784488797187805,
    0.32085564732551575,
    0.3274850845336914,
    0.3374191224575043,
    0.3154143989086151,
    0.33646267652511597,
    0.31674957275390625,
    0.32892709970474243,
    0.30809253454208374,
    0.3335695266723633,
    0.33575567603111267,
    0.32181018590927124,
    0.2985376715660095,
    0.327703058719635,
    0.3279920816421509,
    0.3324972987174988,
    0.30644428730010986,
    0.3156821131706238,
    0.3131844103336334,
    0.3264455199241638,
    0.31572335958480835,
    0.33825498819351196,
    0.3362124264240265,
    0.32729440927505493,
    0.3029709458351135,
    0.32968100905418396,
    0.34010714292526245,
    0.34718888998031616,
    0.35393697023391724,
    0.32331186532974243,
    0.334465354681015,
    0.32384005188941956,
    0.3330380320549011,
    0.3434118628501892,
    0.3192996680736542,
    0.3453783094882965,
    0.36238259077072144,
    0.3349398672580719,
    0.3236590027809143,
    0.3177824318408966,
    0.3246524930000305,
    0.33316582441329956,
    0.31985944509506226,
    0.3114083707332611,
    0.33916324377059937,
    0.32553747296333313,
    0.3013724684715271,
    0.3090585470199585,
    0.30196553468704224,
    0.3245527744293213,
    0.33344364166259766,
    0.33647942543029785,
    0.3065894544124603,
    0.35500162839889526,
    0.3294197916984558,
    0.3181656002998352,
    0.34024062752723694,
    0.3185584843158722,
    0.2961619198322296,
    0.3079158663749695,
    0.3158605992794037,
    0.31810566782951355,
    0.33115869760513306,
    0.34132128953933716,
    0.3461349606513977,
    0.3300209641456604,
    0.3158648610115051,
    0.3204766809940338,
    0.3137880861759186,
    0.32092565298080444,
    0.31454935669898987,
    0.306290864944458,
    0.349488765001297,
    0.323249876499176,
    0.3173430860042572,
    0.3427794873714447,
    0.34057122468948364,
    0.3267273008823395,
    0.3274998068809509,
    0.3337933421134949,
    0.33055099844932556,
    0.35146790742874146,
    0.33951273560523987,
    0.35340020060539246,
    0.34223026037216187,
    0.3287295401096344,
    0.3255688548088074,
    0.3270837366580963,
    0.33992406725883484,
    0.3209491968154907,
    0.32666417956352234,
    0.3126118779182434
  ],