{
  "loss": [
    0.6415383219718933,
    0.6020094752311707,
    0.5583982467651367,
    0.5924016237258911,
    0.4882545471191406,
    0.47749796509742737,
    0.4774866998195648,
    0.5309509038925171,
    0.5317789316177368,
    0.5199708342552185,
    0.5558575987815857,
    0.517654538154602,
    0.490023672580719,
    0.4964507520198822,
    0.47735804319381714,
    0.5505165457725525,
    0.5203379392623901,
    0.4512166976928711,
    0.47550711035728455,
    0.5027424097061157,
    0.5320830941200256,
    0.4807787835597992,
    0.5397418737411499,
    0.4398805499076843,
    0.5088974833488464,
    0.5339617133140564,
    0.49478355050086975,
    0.49510782957077026,
    0.5001261830329895,
    0.49350252747535706,
    0.5218144059181213,
    0.5469200015068054,
    0.5590003132820129,
    0.5180002450942993,
    0.5309430360794067,
    0.5189672708511353,
    0.5277056097984314,
    0.4750449061393738,
    0.4878670275211334,
    0.469372421503067,
    0.45677560567855835,
    0.47979697585105896,
    0.521807074546814,
    0.5059411525726318,
    0.536204993724823,
    0.4593471586704254,
    0.4767480492591858,
    0.4913965165615082,
    0.5014439821243286,
    0.5544971823692322,
    0.5230952501296997,
    0.47110408544540405,
    0.4887506067752838,
    0.4876471161842346,
    0.5157465934753418,
    0.49523526430130005,
    0.5292925238609314,
    0.5111011266708374,
    0.4879535138607025,
    0.5234675407409668,
    0.5189840197563171,
    0.5004373788833618,
    0.5364298224449158,
    0.509049654006958,
    0.5092636942863464,
    0.5514994263648987,
    0.5267379283905029,
    0.49622035026550293,
    0.49825406074523926,
    0.5298699140548706,
    0.5078362822532654,
    0.5074337124824524,
    0.47699370980262756,
    0.45974451303482056,
    0.5551633834838867,
    0.4721831679344177,
    0.5124531984329224,
    0.4862121641635895,
    0.534608006477356,
    0.48732295632362366,
    0.4813201427459717,
    0.5166813731193542,
    0.5084099173545837,
    0.47256046533584595,
    0.515296459197998,
    0.5383087992668152,
    0.504921555519104,
    0.5090158581733704,
    0.4359799921512604,
    0.5156440734863281,
    0.5155842304229736,
    0.5192302465438843,
    0.5322519540786743,
    0.4612526297569275,
    0.5040558576583862,
    0.44429025053977966,
    0.47863468527793884,
    0.5036762952804565,
    0.547895073890686,
    0.4776683449745178
  ],
  "accuracy": [
    0.659375011920929,
    0.715624988079071,
    0.762499988079071,
    0.7281249761581421,
    0.800000011920929,
    0.78125,
    0.800000011920929,
    0.7437499761581421,
    0.7875000238418579,
    0.753125011920929,
    0.737500011920929,
    0.7593749761581421,
    0.8031250238418579,
    0.7718750238418579,
    0.7906249761581421,
    0.7406250238418579,
    0.7718750238418579,
    0.8218749761581421,
    0.8031250238418579,
    0.778124988079071,
    0.7593749761581421,
    0.7875000238418579,
    0.768750011920929,
    0.815625011920929,
    0.778124988079071,
    0.746874988079071,
    0.7875000238418579,
    0.778124988079071,
    0.768750011920929,
    0.765625,
    0.762499988079071,
    0.75,
    0.768750011920929,
    0.778124988079071,
    0.7718750238418579,
    0.7718750238418579,
    0.7593749761581421,
    0.7906249761581421,
    0.796875,
    0.8062499761581421,
    0.809374988079071,
    0.7875000238418579,
    0.7718750238418579,
    0.778124988079071,
    0.7562500238418579,
    0.8218749761581421,
    0.784375011920929,
    0.762499988079071,
    0.7749999761581421,
    0.737500011920929,
    0.762499988079071,
    0.800000011920929,
    0.778124988079071,
    0.778124988079071,
    0.7718750238418579,
    0.793749988079071,
    0.7437499761581421,
    0.746874988079071,
    0.7906249761581421,
    0.762499988079071,
    0.7718750238418579,
    0.765625,
    0.7281249761581421,
    0.762499988079071,
    0.7593749761581421,
    0.75,
    0.7562500238418579,
    0.7718750238418579,
    0.7593749761581421,
    0.7562500238418579,
    0.778124988079071,
    0.768750011920929,
    0.796875,
    0.809374988079071,
    0.7437499761581421,
    0.8125,
    0.768750011920929,
    0.768750011920929,
    0.7562500238418579,
    0.778124988079071,
    0.7875000238418579,
    0.778124988079071,
    0.784375011920929,
    0.7906249761581421,
    0.778124988079071,
    0.7562500238418579,
    0.762499988079071,
    0.762499988079071,
    0.8343750238418579,
    0.7437499761581421,
    0.768750011920929,
    0.7593749761581421,
    0.7593749761581421,
    0.800000011920929,
    0.768750011920929,
    0.800000011920929,
    0.793749988079071,
    0.78125,
    0.737500011920929,
    0.784375011920929
  ],
  "mean_absolute_error": [
    0.3762185871601105,
    0.3478523790836334,
    0.3481738269329071,
    0.36161041259765625,
    0.3299556374549866,
    0.3032786250114441,
    0.3126935362815857,
    0.33085203170776367,
    0.32686781883239746,
    0.3222436010837555,
    0.3379061818122864,
    0.33440274000167847,
    0.3132357895374298,
    0.3210616707801819,
    0.3086578845977783,
    0.34713515639305115,
    0.33308154344558716,
    0.30279332399368286,
    0.3075830936431885,
    0.31275925040245056,
    0.32956528663635254,
    0.3172173500061035,
    0.34589987993240356,
    0.3081844449043274,
    0.3275891840457916,
    0.3387841284275055,
    0.32181045413017273,
    0.3258917033672333,
    0.3273158073425293,
    0.31273141503334045,
    0.3304186463356018,
    0.33682623505592346,
    0.33996957540512085,
    0.3242897391319275,
    0.33209919929504395,
    0.33299118280410767,
    0.34402376413345337,
    0.31879666447639465,
    0.31894436478614807,
    0.3010801076889038,
    0.30013352632522583,
    0.31675586104393005,
    0.33429285883903503,
    0.3243556022644043,
    0.3284834921360016,
    0.3018282651901245,
    0.3131805658340454,
    0.3209835886955261,
    0.3218541741371155,
    0.3398149907588959,
    0.3287319540977478,
    0.313441663980484,
    0.32663649320602417,
    0.31702104210853577,
    0.33362525701522827,
    0.3155992925167084,
    0.33714085817337036,
    0.3394318222999573,
    0.31872066855430603,
    0.33403632044792175,
    0.32568615674972534,
    0.31174227595329285,
    0.3433332145214081,
    0.33458155393600464,
    0.3395257294178009,
    0.3557340204715729,
    0.34272247552871704,
    0.33027002215385437,
    0.3282824754714966,
    0.3449220061302185,
    0.33648911118507385,
    0.33283305168151855,
    0.3295038640499115,
    0.3224484324455261,
    0.36057135462760925,
    0.3123546242713928,
    0.32112616300582886,
    0.3194725215435028,
    0.33310726284980774,
    0.31385669112205505,
    0.3119118809700012,
    0.3199763000011444,
    0.31749090552330017,
    0.31430500745773315,
    0.3227570652961731,
    0.3404868543148041,
    0.32971709966659546,
    0.33073651790618896,
    0.29032525420188904,
    0.31525927782058716,
    0.3173580467700958,
    0.3333742916584015,
    0.3373768925666809,
    0.31052711606025696,
    0.3124862313270569,
    0.28999650478363037,
    0.3008374571800232,
    0.32169029116630554,
    0.3487006425857544,
    0.31547433137893677
  ],