{
  "loss": [
    0.7816509008407593,
    0.6612256169319153,
    0.5316763520240784,
    0.6008785367012024,
    0.5766104459762573,
    0.606332004070282,
    0.570266604423523,
    0.6086102724075317,
    0.5462635159492493,
    0.5829287171363831,
    0.5448992848396301,
    0.5629013180732727,
    0.5650509595870972,
    0.5203821063041687,
    0.46149879693984985,
    0.5458939671516418,
    0.5341574549674988,
    0.5323266983032227,
    0.5094624757766724,
    0.5201989412307739,
    0.5692417621612549,
    0.5414871573448181,
    0.5407609939575195,
    0.5799548029899597,
    0.5934022068977356,
    0.544939398765564,
    0.5846527814865112,
    0.5212230086326599,
    0.508169412612915,
    0.517318844795227,
    0.5477982759475708,
    0.5194859504699707,
    0.548433244228363,
    0.5143799185752869,
    0.5071434378623962,
    0.5565245747566223,
    0.5791559815406799,
    0.5013585090637207,
    0.5097002387046814,
    0.5065704584121704,
    0.5114701986312866,
    0.5450350046157837,
    0.5065935254096985,
    0.4854392111301422,
    0.49280795454978943,
    0.5366216897964478,
    0.5219736099243164,
    0.5166337490081787,
    0.4791873097419739,
    0.5079360008239746,
    0.5106151700019836,
    0.4710540771484375,
    0.5111867189407349,
    0.4928749203681946,
    0.5521970987319946,
    0.5413774251937866,
    0.54860520362854,
    0.559438943862915,
    0.5436640977859497,
    0.4690020680427551,
    0.5406491756439209,
    0.5082823634147644,
    0.5293415784835815,
    0.5020371675491333,
    0.4716436266899109,
    0.5145877599716187,
    0.5356853604316711,
    0.521619975566864,
    0.4950439929962158,
    0.5668242573738098,
    0.48978567123413086,
    0.5222538709640503,
    0.4830881953239441,
    0.5240224599838257,
    0.5245983600616455,
    0.5172549486160278,
    0.5364459156990051,
    0.49310046434402466,
    0.46203747391700745,
    0.47979846596717834,
    0.48182016611099243,
    0.5162719488143921,
    0.494196355342865,
    0.5293936133384705,
    0.5015775561332703,
    0.4805554747581482,
    0.4885250926017761,
    0.5482057332992554,
    0.5357383489608765,
    0.4853282868862152,
    0.4533601701259613,
    0.4891797602176666,
    0.4966936707496643,
    0.5367120504379272,
    0.4993564486503601,
    0.5003517270088196,
    0.49349528551101685,
    0.4793519973754883,
    0.5771206617355347,
    0.5314942002296448
  ],
  "accuracy": [
    0.590624988079071,
    0.684374988079071,
    0.7250000238418579,
    0.6968749761581421,
    0.7250000238418579,
    0.7437499761581421,
    0.7093750238418579,
    0.721875011920929,
    0.731249988079071,
    0.7437499761581421,
    0.7093750238418579,
    0.71875,
    0.734375,
    0.784375011920929,
    0.815625011920929,
    0.7718750238418579,
    0.762499988079071,
    0.765625,
    0.7593749761581421,
    0.7749999761581421,
    0.737500011920929,
    0.7718750238418579,
    0.765625,
    0.7250000238418579,
    0.746874988079071,
    0.731249988079071,
    0.699999988079071,
    0.7593749761581421,
    0.7906249761581421,
    0.768750011920929,
    0.78125,
    0.75,
    0.762499988079071,
    0.765625,
    0.768750011920929,
    0.7593749761581421,
    0.734375,
    0.7718750238418579,
    0.765625,
    0.7749999761581421,
    0.778124988079071,
    0.737500011920929,
    0.768750011920929,
    0.784375011920929,
    0.7749999761581421,
    0.7562500238418579,
    0.784375011920929,
    0.7749999761581421,
    0.7718750238418579,
    0.762499988079071,
    0.7562500238418579,
    0.8062499761581421,
    0.784375011920929,
    0.800000011920929,
    0.75,
    0.734375,
    0.762499988079071,
    0.753125011920929,
    0.753125011920929,
    0.7875000238418579,
    0.746874988079071,
    0.7749999761581421,
    0.7562500238418579,
    0.7749999761581421,
    0.8125,
    0.7593749761581421,
    0.765625,
    0.746874988079071,
    0.765625,
    0.7250000238418579,
    0.7749999761581421,
    0.753125011920929,
    0.8031250238418579,
    0.762499988079071,
    0.768750011920929,
    0.768750011920929,
    0.7124999761581421,
    0.753125011920929,
    0.8125,
    0.768750011920929,
    0.7875000238418579,
    0.768750011920929,
    0.768750011920929,
    0.7749999761581421,
    0.7593749761581421,
    0.7875000238418579,
    0.78125,
    0.7437499761581421,
    0.7718750238418579,
    0.8062499761581421,
    0.784375011920929,
    0.8031250238418579,
    0.78125,
    0.7437499761581421,
    0.778124988079071,
    0.7593749761581421,
    0.8031250238418579,
    0.800000011920929,
    0.715624988079071,
    0.765625
  ],
  "mean_absolute_error": [
    0.4393159747123718,
    0.3767241835594177,
    0.337568461894989,
    0.3590654730796814,
    0.3395996689796448,
    0.34269171953201294,
    0.34575051069259644,
    0.34886521100997925,
    0.33816105127334595,
    0.3473355770111084,
    0.3481959104537964,
    0.35108235478401184,
    0.3449797034263611,
    0.32953935861587524,
    0.30186551809310913,
    0.33235687017440796,
    0.3257293105125427,
    0.33206459879875183,
    0.32778221368789673,
    0.3280443847179413,
    0.3503381609916687,
    0.33740562200546265,
    0.3356872498989105,
    0.34871894121170044,
    0.35180583596229553,
    0.3462318778038025,
    0.3645780086517334,
    0.34123435616493225,
    0.3311403691768646,
    0.34071916341781616,
    0.3384665846824646,
    0.33916881680488586,
    0.34638503193855286,
    0.33951836824417114,
    0.3366810977458954,
    0.3495894968509674,
    0.36274051666259766,
    0.33310794830322266,
    0.33451342582702637,
    0.3265763223171234,
    0.32973241806030273,
    0.34393468499183655,
    0.3306674659252167,
    0.3186419904232025,
    0.32481294870376587,
    0.34307458996772766,
    0.3336871266365051,
    0.3325543701648712,
    0.31833967566490173,
    0.3294306695461273,
    0.332278311252594,
    0.3092333972454071,
    0.3253047466278076,
    0.31740766763687134,
    0.34684842824935913,
    0.3450367748737335,
    0.3463759422302246,
    0.35319870710372925,
    0.3502921760082245,
    0.3224495053291321,
    0.34376606345176697,
    0.3322887420654297,
    0.34253424406051636,
    0.3305174708366394,
    0.31646662950515747,
    0.33750680088996887,
    0.3425930440425873,
    0.33374136686325073,
    0.3293137550354004,
    0.3560877740383148,
    0.3301984667778015,
    0.33817973732948303,
    0.31727278232574463,
    0.33701881766319275,
    0.3403330445289612,
    0.33363690972328186,
    0.3484928607940674,
    0.3298891484737396,
    0.30953505635261536,
    0.32399287819862366,
    0.31851235032081604,
    0.3308517336845398,
    0.32346853613853455,
    0.3352464735507965,
    0.3262088894844055,
    0.31508302688598633,
    0.321044385433197,
    0.34336718916893005,
    0.3350711762905121,
    0.3186945915222168,
    0.3067372739315033,
    0.31804969906806946,
    0.32072949409484863,
    0.33413904905319214,
    0.32052141427993774,
    0.3263300061225891,
    0.3209362328052521,
    0.31273138523101807,
    0.3541351854801178,
    0.340089350938797
  ],