{
  "loss": [
    0.7565468549728394,
    0.6844627261161804,
    0.6037789583206177,
    0.5923876762390137,
    0.6191055178642273,
    0.5927157402038574,
    0.6603054404258728,
    0.6736732721328735,
    0.6119009852409363,
    0.5855291485786438,
    0.6627748608589172,
    0.6252259016036987,
    0.5520769357681274,
    0.5870828032493591,
    0.5672537088394165,
    0.5943011045455933,
    0.5719771981239319,
    0.5683169364929199,
    0.6028591990470886,
    0.5914720296859741,
    0.602028489112854,
    0.5609678030014038,
    0.5520868301391602,
    0.5546633005142212,
    0.5866802930831909,
    0.6247115135192871,
    0.5948189496994019,
    0.5795407295227051,
    0.560660183429718,
    0.5974826812744141,
    0.5457541346549988,
    0.6044677495956421,
    0.6020708680152893,
    0.5430186986923218,
    0.601983904838562,
    0.5563602447509766,
    0.6099227070808411,
    0.5663623809814453,
    0.5782493948936462,
    0.6271771788597107,
    0.6131621599197388,
    0.5665642023086548,
    0.6023250222206116,
    0.5708826780319214,
    0.5465171337127686,
    0.5325620770454407,
    0.5772038698196411,
    0.6020434498786926,
    0.5918514728546143,
    0.5847269296646118,
    0.5643746852874756,
    0.5747815370559692,
    0.5584232807159424,
    0.5600586533546448,
    0.5222752690315247,
    0.5736709237098694,
    0.6418381929397583,
    0.5586299896240234,
    0.5649657249450684,
    0.6182664036750793,
    0.5645149946212769,
    0.5974617600440979,
    0.5471020936965942,
    0.5649701356887817,
    0.5834494829177856,
    0.5780847668647766,
    0.5855058431625366,
    0.5792359709739685,
    0.5672311186790466,
    0.5910388231277466,
    0.535511314868927,
    0.5333243608474731,
    0.5783721208572388,
    0.5962902903556824,
    0.567973792552948,
    0.5539253950119019,
    0.5718425512313843,
    0.5354300737380981,
    0.5397909879684448,
    0.5798812508583069,
    0.5894078016281128,
    0.536227822303772,
    0.5607392191886902,
    0.5327445268630981,
    0.5695898532867432,
    0.5679639577865601,
    0.6001498103141785,
    0.5611900687217712,
    0.568639874458313,
    0.5524373650550842,
    0.5451041460037231,
    0.5356048345565796,
    0.5301914811134338,
    0.5678683519363403,
    0.5759299993515015,
    0.5266487002372742,
    0.5887138843536377,
    0.5588607788085938,
    0.506018877029419,
    0.5110963582992554
  ],
  "accuracy": [
    0.606249988079071,
    0.6812499761581421,
    0.6968749761581421,
    0.734375,
    0.721875011920929,
    0.703125,
    0.671875,
    0.653124988079071,
    0.706250011920929,
    0.6812499761581421,
    0.7124999761581421,
    0.671875,
    0.746874988079071,
    0.7437499761581421,
    0.75,
    0.721875011920929,
    0.721875011920929,
    0.715624988079071,
    0.690625011920929,
    0.7124999761581421,
    0.7281249761581421,
    0.737500011920929,
    0.7281249761581421,
    0.753125011920929,
    0.7250000238418579,
    0.715624988079071,
    0.703125,
    0.7250000238418579,
    0.737500011920929,
    0.6875,
    0.7437499761581421,
    0.703125,
    0.675000011920929,
    0.7406250238418579,
    0.715624988079071,
    0.7406250238418579,
    0.684374988079071,
    0.715624988079071,
    0.7093750238418579,
    0.6937500238418579,
    0.7124999761581421,
    0.721875011920929,
    0.715624988079071,
    0.7281249761581421,
    0.753125011920929,
    0.7749999761581421,
    0.715624988079071,
    0.7124999761581421,
    0.7093750238418579,
    0.684374988079071,
    0.721875011920929,
    0.7093750238418579,
    0.71875,
    0.7281249761581421,
    0.784375011920929,
    0.7250000238418579,
    0.671875,
    0.734375,
    0.753125011920929,
    0.703125,
    0.753125011920929,
    0.7124999761581421,
    0.778124988079071,
    0.715624988079071,
    0.734375,
    0.721875011920929,
    0.7281249761581421,
    0.71875,
    0.706250011920929,
    0.721875011920929,
    0.7749999761581421,
    0.7406250238418579,
    0.71875,
    0.71875,
    0.715624988079071,
    0.731249988079071,
    0.6968749761581421,
    0.7562500238418579,
    0.7593749761581421,
    0.7093750238418579,
    0.706250011920929,
    0.721875011920929,
    0.7250000238418579,
    0.71875,
    0.703125,
    0.731249988079071,
    0.6875,
    0.7406250238418579,
    0.746874988079071,
    0.731249988079071,
    0.7406250238418579,
    0.762499988079071,
    0.768750011920929,
    0.7437499761581421,
    0.7250000238418579,
    0.7562500238418579,
    0.7093750238418579,
    0.7437499761581421,
    0.762499988079071,
    0.768750011920929
  ],
  "mean_absolute_error": [
    0.44779330492019653,
    0.408330500125885,
    0.3784138560295105,
    0.38254493474960327,
    0.39738035202026367,
    0.38788992166519165,
    0.42035388946533203,
    0.42692407965660095,
    0.4064865708351135,
    0.40080881118774414,
    0.4221542477607727,
    0.4155177175998688,
    0.3846701383590698,
    0.39597633481025696,
    0.3835163712501526,
    0.39179879426956177,
    0.387858510017395,
    0.38791730999946594,
    0.3966466784477234,
    0.3946894705295563,
    0.3895151615142822,
    0.3787517547607422,
    0.3766530156135559,
    0.3724818527698517,
    0.3864421844482422,
    0.40490618348121643,
    0.39071956276893616,
    0.3845880627632141,
    0.37891069054603577,
    0.40055376291275024,
    0.3766886591911316,
    0.4020148813724518,
    0.4003782272338867,
    0.37623581290245056,
    0.402031809091568,
    0.374934583902359,
    0.40684300661087036,
    0.3838660418987274,
    0.38339763879776,
    0.404397189617157,
    0.39631277322769165,
    0.3763333559036255,
    0.3922606110572815,
    0.3871069550514221,
    0.3760317862033844,
    0.3661399483680725,
    0.3813132345676422,
    0.39099404215812683,
    0.38865455985069275,
    0.3937123417854309,
    0.3809586763381958,
    0.3835785388946533,
    0.37892335653305054,
    0.3823661506175995,
    0.3623145520687103,
    0.37784576416015625,
    0.4125393331050873,
    0.3801562786102295,
    0.3755543828010559,
    0.4056854844093323,
    0.3848993182182312,
    0.3950009346008301,
    0.3745833933353424,
    0.38384631276130676,
    0.3924287259578705,
    0.38717687129974365,
    0.389911413192749,
    0.38478463888168335,
    0.3834344446659088,
    0.39316797256469727,
    0.36952465772628784,
    0.36877214908599854,
    0.38075852394104004,
    0.38176777958869934,
    0.3820275366306305,
    0.373355507850647,
    0.38734671473503113,
    0.3675798773765564,
    0.37097203731536865,
    0.38113799691200256,
    0.38819581270217896,
    0.3617657721042633,
    0.3768938183784485,
    0.3651641011238098,
    0.3745957314968109,
    0.37522074580192566,
    0.3903762698173523,
    0.36953863501548767,
    0.37856200337409973,
    0.3746815621852875,
    0.36862051486968994,
    0.3620319664478302,
    0.35589340329170227,
    0.37100058794021606,
    0.3791355490684509,
    0.3562464714050293,
    0.38806265592575073,
    0.37723439931869507,
    0.35345083475112915,
    0.353466272354126
  ],