{
  "loss": [
    0.6618348360061646,
    0.668512225151062,
    0.6586572527885437,
    0.6804885864257812,
    0.7395714521408081,
    0.6750635504722595,
    0.7328094244003296,
    0.6284816861152649,
    0.6203429102897644,
    0.6070947647094727,
    0.6901340484619141,
    0.6384419202804565,
    0.6038036346435547,
    0.6325762271881104,
    0.5783001780509949,
    0.6390739679336548,
    0.5758185386657715,
    0.6018499732017517,
    0.5968030691146851,
    0.5652105212211609,
    0.5675193071365356,
    0.6191914081573486,
    0.6248124837875366,
    0.6137259602546692,
    0.5597661733627319,
    0.61020427942276,
    0.5659432411193848,
    0.570418119430542,
    0.6412415504455566,
    0.6378501653671265,
    0.6035051345825195,
    0.6465948820114136,
    0.5908762216567993,
    0.5844253897666931,
    0.5951694846153259,
    0.6027213335037231,
    0.5659857392311096,
    0.5726482272148132,
    0.6211874485015869,
    0.5813888311386108,
    0.5463902354240417,
    0.5998790860176086,
    0.5717410445213318,
    0.6754626035690308,
    0.5559059381484985,
    0.6162150502204895,
    0.577477216720581,
    0.5950888991355896,
    0.5759414434432983,
    0.5833286046981812,
    0.6324976682662964,
    0.588732898235321,
    0.626693844795227,
    0.5727399587631226,
    0.6024731397628784,
    0.6063030958175659,
    0.5605725049972534,
    0.6334699988365173,
    0.5835973024368286,
    0.6098955273628235,
    0.5995514988899231,
    0.6367398500442505,
    0.6137868762016296,
    0.5814623832702637,
    0.5730381608009338,
    0.5582656264305115,
    0.604925274848938,
    0.5986836552619934,
    0.5609265565872192,
    0.606916606426239,
    0.5957430601119995,
    0.6005461812019348,
    0.6038127541542053,
    0.5623499751091003,
    0.5930507183074951,
    0.6242765784263611,
    0.5680606365203857,
    0.6241188645362854,
    0.5592522621154785,
    0.5915782451629639,
    0.5561218857765198,
    0.5868022441864014,
    0.6001835465431213,
    0.5677393674850464,
    0.5660434365272522,
    0.5771942734718323,
    0.5814275741577148,
    0.5555964112281799,
    0.5619229078292847,
    0.5986962914466858,
    0.5616708993911743,
    0.6223894953727722,
    0.596569836139679,
    0.5905609130859375,
    0.5471336841583252,
    0.56996750831604,
    0.5775872468948364,
    0.594354510307312,
    0.6243592500686646,
    0.6107091307640076
  ],
  "accuracy": [
    0.6156250238418579,
    0.609375,
    0.659375011920929,
    0.6187499761581421,
    0.6343749761581421,
    0.6343749761581421,
    0.612500011920929,
    0.675000011920929,
    0.684374988079071,
    0.690625011920929,
    0.628125011920929,
    0.6781250238418579,
    0.6656249761581421,
    0.6625000238418579,
    0.7281249761581421,
    0.6968749761581421,
    0.715624988079071,
    0.699999988079071,
    0.715624988079071,
    0.737500011920929,
    0.706250011920929,
    0.706250011920929,
    0.6812499761581421,
    0.6968749761581421,
    0.753125011920929,
    0.703125,
    0.7093750238418579,
    0.706250011920929,
    0.671875,
    0.668749988079071,
    0.690625011920929,
    0.675000011920929,
    0.715624988079071,
    0.703125,
    0.703125,
    0.737500011920929,
    0.7250000238418579,
    0.721875011920929,
    0.6656249761581421,
    0.703125,
    0.753125011920929,
    0.715624988079071,
    0.706250011920929,
    0.659375011920929,
    0.7124999761581421,
    0.690625011920929,
    0.7437499761581421,
    0.75,
    0.7437499761581421,
    0.703125,
    0.668749988079071,
    0.731249988079071,
    0.703125,
    0.734375,
    0.715624988079071,
    0.721875011920929,
    0.737500011920929,
    0.668749988079071,
    0.721875011920929,
    0.703125,
    0.671875,
    0.668749988079071,
    0.706250011920929,
    0.699999988079071,
    0.706250011920929,
    0.71875,
    0.690625011920929,
    0.75,
    0.746874988079071,
    0.721875011920929,
    0.7093750238418579,
    0.734375,
    0.737500011920929,
    0.706250011920929,
    0.703125,
    0.6812499761581421,
    0.7718750238418579,
    0.690625011920929,
    0.737500011920929,
    0.7093750238418579,
    0.737500011920929,
    0.703125,
    0.690625011920929,
    0.721875011920929,
    0.734375,
    0.7281249761581421,
    0.7250000238418579,
    0.762499988079071,
    0.7250000238418579,
    0.703125,
    0.737500011920929,
    0.684374988079071,
    0.6968749761581421,
    0.7093750238418579,
    0.7437499761581421,
    0.7281249761581421,
    0.715624988079071,
    0.706250011920929,
    0.668749988079071,
    0.684374988079071
  ],
  "mean_absolute_error": [
    0.44498389959335327,
    0.45022720098495483,
    0.42890745401382446,
    0.4346388876438141,
    0.4409497380256653,
    0.4234728217124939,
    0.437575101852417,
    0.4192017912864685,
    0.41144800186157227,
    0.4065391421318054,
    0.4455283284187317,
    0.4169359803199768,
    0.4025785028934479,
    0.4131924510002136,
    0.3908727169036865,
    0.4066210687160492,
    0.38536781072616577,
    0.39178895950317383,
    0.39746803045272827,
    0.38589295744895935,
    0.38605809211730957,
    0.40133538842201233,
    0.40960684418678284,
    0.4084717631340027,
    0.37794095277786255,
    0.40353140234947205,
    0.3823554515838623,
    0.38820531964302063,
    0.4155282974243164,
    0.41209784150123596,
    0.4028981626033783,
    0.4155641198158264,
    0.40194886922836304,
    0.39874809980392456,
    0.40058785676956177,
    0.3948119580745697,
    0.38552144169807434,
    0.3861951529979706,
    0.40837058424949646,
    0.3899723291397095,
    0.37160035967826843,
    0.3972932696342468,
    0.3840579390525818,
    0.4297730326652527,
    0.3826172947883606,
    0.40740543603897095,
    0.3908030390739441,
    0.3996894955635071,
    0.38847923278808594,
    0.4004092812538147,
    0.4154333174228668,
    0.3947330117225647,
    0.41452375054359436,
    0.38866132497787476,
    0.4008149206638336,
    0.4018371105194092,
    0.38306301832199097,
    0.41378045082092285,
    0.3924711346626282,
    0.40913301706314087,
    0.40493541955947876,
    0.41687530279159546,
    0.4127298891544342,
    0.3990699052810669,
    0.3951021134853363,
    0.3875328600406647,
    0.40082064270973206,
    0.3979211449623108,
    0.3863672614097595,
    0.40638232231140137,
    0.40162819623947144,
    0.39754146337509155,
    0.3986482322216034,
    0.3910514712333679,
    0.402423232793808,
    0.41113772988319397,
    0.3797943890094757,
    0.4101998805999756,
    0.3832348883152008,
    0.4013637900352478,
    0.3791274130344391,
    0.39404627680778503,
    0.4028685688972473,
    0.3856446146965027,
    0.38723769783973694,
    0.39250004291534424,
    0.3881058096885681,
    0.3769340217113495,
    0.38084205985069275,
    0.3990902900695801,
    0.3843900263309479,
    0.4080568253993988,
    0.3955426514148712,
    0.3961727023124695,
    0.37367087602615356,
    0.3884475529193878,
    0.3903414011001587,
    0.3942553699016571,
    0.40588125586509705,
    0.4026740491390228
  ],