{
  "loss": [
    0.9764235615730286,
    0.7769100069999695,
    0.6630913019180298,
    0.6963257789611816,
    0.613488495349884,
    0.6263670921325684,
    0.655133843421936,
    0.611770749092102,
    0.601361870765686,
    0.6144240498542786,
    0.5607547163963318,
    0.6219104528427124,
    0.5873692035675049,
    0.6464077234268188,
    0.6548207998275757,
    0.592501163482666,
    0.6043092012405396,
    0.6304656267166138,
    0.571725606918335,
    0.6123806238174438,
    0.6016844511032104,
    0.6023958325386047,
    0.5974052548408508,
    0.5737307667732239,
    0.593295156955719,
    0.5815646052360535,
    0.612973153591156,
    0.5278605222702026,
    0.5850709080696106,
    0.581522524356842,
    0.601643443107605,
    0.560247004032135,
    0.6233428716659546,
    0.5758177042007446,
    0.5996598601341248,
    0.5401672720909119,
    0.5990948677062988,
    0.584786593914032,
    0.5683054327964783,
    0.5903164148330688,
    0.6105262041091919,
    0.5816062688827515,
    0.6367896795272827,
    0.5917089581489563,
    0.6352516412734985,
    0.5836426615715027,
    0.5773553848266602,
    0.5737544894218445,
    0.6309713125228882,
    0.5617551803588867,
    0.5580847859382629,
    0.5605573654174805,
    0.593575656414032,
    0.601753294467926,
    0.5829293727874756,
    0.5604492425918579,
    0.5859909653663635,
    0.5347820520401001,
    0.520404040813446,
    0.5600329637527466,
    0.5494974851608276,
    0.5764432549476624,
    0.5814133286476135,
    0.5986135005950928,
    0.6138557195663452,
    0.5676702260971069,
    0.5821326971054077,
    0.5883632898330688,
    0.5574637651443481,
    0.6466124653816223,
    0.581252932548523,
    0.5613221526145935,
    0.5402917861938477,
    0.5847303867340088,
    0.5560043454170227,
    0.5511550307273865,
    0.6213285326957703,
    0.5971008539199829,
    0.569675624370575,
    0.6094452738761902,
    0.5860673189163208,
    0.6001901030540466,
    0.581921398639679,
    0.5918902158737183,
    0.5790194869041443,
    0.5614013075828552,
    0.5263371467590332,
    0.5738974809646606,
    0.5622862577438354,
    0.5143316388130188,
    0.5751070380210876,
    0.5634591579437256,
    0.6065119504928589,
    0.6162986755371094,
    0.5873435735702515,
    0.5336271524429321,
    0.5676815509796143,
    0.5704862475395203,
    0.5852066874504089,
    0.579543948173523
  ],
  "accuracy": [
    0.3968749940395355,
    0.518750011920929,
    0.612500011920929,
    0.621874988079071,
    0.690625011920929,
    0.65625,
    0.6875,
    0.6968749761581421,
    0.71875,
    0.703125,
    0.737500011920929,
    0.715624988079071,
    0.715624988079071,
    0.6499999761581421,
    0.6312500238418579,
    0.721875011920929,
    0.7093750238418579,
    0.6781250238418579,
    0.715624988079071,
    0.703125,
    0.71875,
    0.690625011920929,
    0.7281249761581421,
    0.71875,
    0.734375,
    0.71875,
    0.731249988079071,
    0.7718750238418579,
    0.706250011920929,
    0.715624988079071,
    0.7093750238418579,
    0.715624988079071,
    0.690625011920929,
    0.7250000238418579,
    0.737500011920929,
    0.768750011920929,
    0.7124999761581421,
    0.699999988079071,
    0.731249988079071,
    0.715624988079071,
    0.703125,
    0.71875,
    0.699999988079071,
    0.71875,
    0.6875,
    0.7250000238418579,
    0.706250011920929,
    0.7281249761581421,
    0.6812499761581421,
    0.734375,
    0.721875011920929,
    0.7250000238418579,
    0.690625011920929,
    0.6875,
    0.7250000238418579,
    0.7406250238418579,
    0.7250000238418579,
    0.7593749761581421,
    0.765625,
    0.703125,
    0.7749999761581421,
    0.6968749761581421,
    0.731249988079071,
    0.699999988079071,
    0.671875,
    0.71875,
    0.715624988079071,
    0.6968749761581421,
    0.753125011920929,
    0.6625000238418579,
    0.737500011920929,
    0.7093750238418579,
    0.7437499761581421,
    0.71875,
    0.7250000238418579,
    0.7593749761581421,
    0.684374988079071,
    0.699999988079071,
    0.721875011920929,
    0.6781250238418579,
    0.703125,
    0.699999988079071,
    0.7281249761581421,
    0.715624988079071,
    0.7250000238418579,
    0.734375,
    0.7593749761581421,
    0.7406250238418579,
    0.7281249761581421,
    0.762499988079071,
    0.7250000238418579,
    0.753125011920929,
    0.7093750238418579,
    0.684374988079071,
    0.715624988079071,
    0.7593749761581421,
    0.731249988079071,
    0.706250011920929,
    0.706250011920929,
    0.715624988079071
  ],
  "mean_absolute_error": [
    0.5489485263824463,
    0.4829043447971344,
    0.4371623396873474,
    0.4317808747291565,
    0.39926987886428833,
    0.4018060266971588,
    0.4060923159122467,
    0.3936430811882019,
    0.39073675870895386,
    0.39645034074783325,
    0.3768801987171173,
    0.3980199694633484,
    0.3830367922782898,
    0.4106143116950989,
    0.41521120071411133,
    0.3922238051891327,
    0.40161460638046265,
    0.40696996450424194,
    0.38349929451942444,
    0.39847975969314575,
    0.3923282027244568,
    0.402367502450943,
    0.40010184049606323,
    0.38933664560317993,
    0.39219415187835693,
    0.3918847441673279,
    0.40239277482032776,
    0.3638048470020294,
    0.3929007947444916,
    0.38521629571914673,
    0.3935212194919586,
    0.3856639266014099,
    0.410308837890625,
    0.38480496406555176,
    0.3971211016178131,
    0.3708544373512268,
    0.39617007970809937,
    0.3886684775352478,
    0.37853187322616577,
    0.38831326365470886,
    0.39848488569259644,
    0.3878089487552643,
    0.4081597328186035,
    0.39527368545532227,
    0.4133072793483734,
    0.39357954263687134,
    0.3935292661190033,
    0.38905078172683716,
    0.41466307640075684,
    0.38631096482276917,
    0.37976154685020447,
    0.3855530619621277,
    0.3993324935436249,
    0.3994657099246979,
    0.38690298795700073,
    0.3818166255950928,
    0.39336130023002625,
    0.3674376606941223,
    0.3622424304485321,
    0.3787743151187897,
    0.36828091740608215,
    0.38316023349761963,
    0.3857487440109253,
    0.3921830952167511,
    0.4015046954154968,
    0.3811716139316559,
    0.3830546438694,
    0.3938031792640686,
    0.38127338886260986,
    0.4168183207511902,
    0.3854384124279022,
    0.38516950607299805,
    0.3705331087112427,
    0.38992270827293396,
    0.37559956312179565,
    0.3726861774921417,
    0.402926504611969,
    0.3940886855125427,
    0.38593870401382446,
    0.40544432401657104,
    0.39227578043937683,
    0.40011557936668396,
    0.39306336641311646,
    0.3936738073825836,
    0.3878577947616577,
    0.3786775469779968,
    0.3649175763130188,
    0.3842483162879944,
    0.37683287262916565,
    0.3562895953655243,
    0.3826266825199127,
    0.3784162700176239,
    0.3950442373752594,
    0.40055423974990845,
    0.3920576274394989,
    0.36878857016563416,
    0.38361412286758423,
    0.3825228214263916,
    0.38818448781967163,
    0.3856799602508545
  ],