{
  "loss": [
    0.7768576145172119,
    0.8338032960891724,
    0.751611590385437,
    0.7006679177284241,
    0.6285417079925537,
    0.6799460649490356,
    0.6150919795036316,
    0.6140215992927551,
    0.5932852029800415,
    0.6175438165664673,
    0.6032299399375916,
    0.5948804020881653,
    0.6131380200386047,
    0.6171579957008362,
    0.5714039206504822,
    0.726699948310852,
    0.5836905241012573,
    0.5994860529899597,
    0.6714926958084106,
    0.6266504526138306,
    0.586287260055542,
    0.6448553800582886,
    0.6070568561553955,
    0.5774766802787781,
    0.6005252599716187,
    0.6227748394012451,
    0.582332968711853,
    0.6365391612052917,
    0.6269922256469727,
    0.6114150285720825,
    0.5930066108703613,
    0.5791852474212646,
    0.5467650890350342,
    0.600745677947998,
    0.5791059732437134,
    0.598943829536438,
    0.5210654735565186,
    0.5807840824127197,
    0.5710797905921936,
    0.5673454403877258,
    0.6237138509750366,
    0.5187602639198303,
    0.5922178030014038,
    0.5442643761634827,
    0.604788601398468,
    0.6296152472496033,
    0.5733882188796997,
    0.5648843050003052,
    0.5789123773574829,
    0.5752231478691101,
    0.6179754137992859,
    0.5844031572341919,
    0.6026107668876648,
    0.5654946565628052,
    0.5861430168151855,
    0.5826774835586548,
    0.5809088945388794,
    0.5233106017112732,
    0.5569933652877808,
    0.5706477761268616,
    0.5583088397979736,
    0.5112258195877075,
    0.59276282787323,
    0.5543839931488037,
    0.5376021265983582,
    0.5419031977653503,
    0.5827553868293762,
    0.5922094583511353,
    0.5717419385910034,
    0.5795310735702515,
    0.5228036642074585,
    0.5653268694877625,
    0.5217045545578003,
    0.5814768075942993,
    0.5797321796417236,
    0.531997561454773,
    0.5854217410087585,
    0.5369570255279541,
    0.5404588580131531,
    0.6336748003959656,
    0.5946084856987,
    0.5774039030075073,
    0.5940561890602112,
    0.5912827253341675,
    0.5683152079582214,
    0.5679324269294739,
    0.6161052584648132,
    0.5995160937309265,
    0.5543160438537598,
    0.5546951293945312,
    0.5628505945205688,
    0.6183518171310425,
    0.5602091550827026,
    0.5333307981491089,
    0.5871144533157349,
    0.5584717988967896,
    0.5730646848678589,
    0.542874813079834,
    0.5468816161155701,
    0.5603632926940918
  ],
  "accuracy": [
    0.6000000238418579,
    0.6343749761581421,
    0.606249988079071,
    0.6312500238418579,
    0.6781250238418579,
    0.653124988079071,
    0.671875,
    0.659375011920929,
    0.71875,
    0.699999988079071,
    0.703125,
    0.7250000238418579,
    0.6812499761581421,
    0.671875,
    0.746874988079071,
    0.606249988079071,
    0.699999988079071,
    0.6968749761581421,
    0.668749988079071,
    0.671875,
    0.706250011920929,
    0.6781250238418579,
    0.706250011920929,
    0.737500011920929,
    0.690625011920929,
    0.65625,
    0.721875011920929,
    0.6468750238418579,
    0.703125,
    0.699999988079071,
    0.671875,
    0.7124999761581421,
    0.737500011920929,
    0.7124999761581421,
    0.7250000238418579,
    0.715624988079071,
    0.7593749761581421,
    0.7124999761581421,
    0.71875,
    0.7281249761581421,
    0.684374988079071,
    0.7437499761581421,
    0.699999988079071,
    0.7593749761581421,
    0.684374988079071,
    0.6812499761581421,
    0.7093750238418579,
    0.753125011920929,
    0.734375,
    0.71875,
    0.6656249761581421,
    0.737500011920929,
    0.706250011920929,
    0.71875,
    0.731249988079071,
    0.721875011920929,
    0.715624988079071,
    0.7749999761581421,
    0.753125011920929,
    0.7124999761581421,
    0.7437499761581421,
    0.768750011920929,
    0.71875,
    0.731249988079071,
    0.7406250238418579,
    0.721875011920929,
    0.706250011920929,
    0.7124999761581421,
    0.7281249761581421,
    0.703125,
    0.753125011920929,
    0.721875011920929,
    0.78125,
    0.737500011920929,
    0.715624988079071,
    0.734375,
    0.7093750238418579,
    0.734375,
    0.7437499761581421,
    0.6781250238418579,
    0.7124999761581421,
    0.715624988079071,
    0.71875,
    0.706250011920929,
    0.734375,
    0.731249988079071,
    0.6875,
    0.699999988079071,
    0.737500011920929,
    0.731249988079071,
    0.721875011920929,
    0.6937500238418579,
    0.734375,
    0.762499988079071,
    0.715624988079071,
    0.715624988079071,
    0.7281249761581421,
    0.734375,
    0.746874988079071,
    0.7250000238418579
  ],
  "mean_absolute_error": [
    0.4278933107852936,
    0.414893239736557,
    0.4383620321750641,
    0.44209355115890503,
    0.4115278124809265,
    0.43559402227401733,
    0.410625696182251,
    0.412390798330307,
    0.4049530625343323,
    0.403820276260376,
    0.40186673402786255,
    0.39471712708473206,
    0.4057939648628235,
    0.40764838457107544,
    0.39005500078201294,
    0.44941776990890503,
    0.39767324924468994,
    0.4021743834018707,
    0.42973217368125916,
    0.4154890179634094,
    0.39951229095458984,
    0.4207587242126465,
    0.4077201783657074,
    0.3843540847301483,
    0.40318918228149414,
    0.41449064016342163,
    0.39585989713668823,
    0.41782474517822266,
    0.40945377945899963,
    0.40600356459617615,
    0.4019714891910553,
    0.39399221539497375,
    0.37692075967788696,
    0.39773479104042053,
    0.38806959986686707,
    0.3972782492637634,
    0.36105042695999146,
    0.3834209442138672,
    0.383100688457489,
    0.37518250942230225,
    0.4037078022956848,
    0.36150646209716797,
    0.3942616283893585,
    0.3622625768184662,
    0.39458879828453064,
    0.4069839119911194,
    0.3841739296913147,
    0.37733131647109985,
    0.37947922945022583,
    0.3856337070465088,
    0.4071890413761139,
    0.39075925946235657,
    0.3984242081642151,
    0.38707518577575684,
    0.3907509446144104,
    0.3899097740650177,
    0.389887273311615,
    0.35954663157463074,
    0.3670954704284668,
    0.379227876663208,
    0.3729168474674225,
    0.3519681990146637,
    0.3775893449783325,
    0.3647167682647705,
    0.3635137677192688,
    0.36994653940200806,
    0.38109850883483887,
    0.3858890235424042,
    0.37648963928222656,
    0.3825836777687073,
    0.3549843430519104,
    0.3708065152168274,
    0.350077360868454,
    0.37933236360549927,
    0.37898191809654236,
    0.3596743941307068,
    0.3740726709365845,
    0.35741907358169556,
    0.35724982619285583,
    0.3966522812843323,
    0.38507527112960815,
    0.38046354055404663,
    0.38677507638931274,
    0.3884384036064148,
    0.3786592185497284,
    0.3812093138694763,
    0.4016311764717102,
    0.3958962857723236,
    0.37289562821388245,
    0.37740808725357056,
    0.38171881437301636,
    0.4051412045955658,
    0.3808804154396057,
    0.3660106658935547,
    0.38213855028152466,
    0.3782026171684265,
    0.3783651888370514,
    0.3703562617301941,
    0.37177544832229614,
    0.37676626443862915
  ],