{
  "loss": [
    0.9303668737411499,
    0.8048245310783386,
    0.7623942494392395,
    0.7275561094284058,
    0.7108954191207886,
    0.6345540285110474,
    0.65852952003479,
    0.6295444369316101,
    0.6154792308807373,
    0.6797745823860168,
    0.594880223274231,
    0.6785070300102234,
    0.6190577745437622,
    0.5656126737594604,
    0.6670153737068176,
    0.610632061958313,
    0.5802885293960571,
    0.5753381848335266,
    0.6266998052597046,
    0.6813277006149292,
    0.5855786800384521,
    0.6357488036155701,
    0.5923010110855103,
    0.6027393341064453,
    0.5907899141311646,
    0.5873139500617981,
    0.6333229541778564,
    0.5939713716506958,
    0.573948085308075,
    0.5475884079933167,
    0.6074415445327759,
    0.5710815787315369,
    0.6019607782363892,
    0.5887197852134705,
    0.6182038187980652,
    0.549516499042511,
    0.582811176776886,
    0.6094492673873901,
    0.6295112371444702,
    0.6158837676048279,
    0.5607388615608215,
    0.5897584557533264,
    0.5869613885879517,
    0.5953003168106079,
    0.5871018767356873,
    0.526212751865387,
    0.5751172304153442,
    0.590432345867157,
    0.5986806750297546,
    0.5516012907028198,
    0.6199725270271301,
    0.6405806541442871,
    0.5702685117721558,
    0.6061559319496155,
    0.5530151128768921,
    0.5817163586616516,
    0.5761535167694092,
    0.6238191723823547,
    0.5903052091598511,
    0.5978127717971802,
    0.5755800008773804,
    0.59881991147995,
    0.5923919677734375,
    0.5287414193153381,
    0.5467270612716675,
    0.5599744319915771,
    0.5902183651924133,
    0.6083908081054688,
    0.5810390710830688,
    0.5356931686401367,
    0.58103346824646,
    0.5510022640228271,
    0.5669788718223572,
    0.5887427926063538,
    0.5554776191711426,
    0.5500565767288208,
    0.5344920754432678,
    0.5808820724487305,
    0.5679185390472412,
    0.5548629760742188,
    0.5959952473640442,
    0.5828390121459961,
    0.5997170209884644,
    0.5623027086257935,
    0.5734434723854065,
    0.5579310059547424,
    0.5350371599197388,
    0.5921966433525085,
    0.5709022283554077,
    0.5447696447372437,
    0.5445264577865601,
    0.5667847394943237,
    0.6213159561157227,
    0.565933108329773,
    0.61310875415802,
    0.5720310211181641,
    0.5908109545707703,
    0.5616626143455505,
    0.5697098970413208,
    0.5457397699356079
  ],
  "accuracy": [
    0.484375,
    0.5562499761581421,
    0.6000000238418579,
    0.628125011920929,
    0.637499988079071,
    0.668749988079071,
    0.659375011920929,
    0.7093750238418579,
    0.6937500238418579,
    0.6656249761581421,
    0.71875,
    0.668749988079071,
    0.7281249761581421,
    0.690625011920929,
    0.6875,
    0.7124999761581421,
    0.703125,
    0.737500011920929,
    0.715624988079071,
    0.6875,
    0.7093750238418579,
    0.690625011920929,
    0.7124999761581421,
    0.699999988079071,
    0.7437499761581421,
    0.715624988079071,
    0.6968749761581421,
    0.71875,
    0.71875,
    0.737500011920929,
    0.703125,
    0.7250000238418579,
    0.731249988079071,
    0.715624988079071,
    0.6781250238418579,
    0.7250000238418579,
    0.6968749761581421,
    0.7093750238418579,
    0.690625011920929,
    0.6937500238418579,
    0.7281249761581421,
    0.715624988079071,
    0.7093750238418579,
    0.706250011920929,
    0.715624988079071,
    0.7749999761581421,
    0.746874988079071,
    0.7093750238418579,
    0.7250000238418579,
    0.7749999761581421,
    0.6875,
    0.6937500238418579,
    0.715624988079071,
    0.703125,
    0.75,
    0.7124999761581421,
    0.731249988079071,
    0.6781250238418579,
    0.703125,
    0.6968749761581421,
    0.7437499761581421,
    0.7124999761581421,
    0.7093750238418579,
    0.784375011920929,
    0.737500011920929,
    0.75,
    0.7250000238418579,
    0.7093750238418579,
    0.7437499761581421,
    0.762499988079071,
    0.71875,
    0.7281249761581421,
    0.7093750238418579,
    0.706250011920929,
    0.768750011920929,
    0.734375,
    0.7562500238418579,
    0.7250000238418579,
    0.7406250238418579,
    0.753125011920929,
    0.715624988079071,
    0.737500011920929,
    0.721875011920929,
    0.7437499761581421,
    0.731249988079071,
    0.71875,
    0.7749999761581421,
    0.703125,
    0.715624988079071,
    0.753125011920929,
    0.762499988079071,
    0.7250000238418579,
    0.706250011920929,
    0.7406250238418579,
    0.6937500238418579,
    0.768750011920929,
    0.731249988079071,
    0.737500011920929,
    0.746874988079071,
    0.746874988079071
  ],
  "mean_absolute_error": [
    0.4919143617153168,
    0.45221394300460815,
    0.43483656644821167,
    0.41942596435546875,
    0.41322940587997437,
    0.4013398289680481,
    0.4067147374153137,
    0.38961830735206604,
    0.38686639070510864,
    0.4067756235599518,
    0.3728748857975006,
    0.4026595950126648,
    0.38206711411476135,
    0.36667972803115845,
    0.3954716920852661,
    0.37595462799072266,
    0.36920198798179626,
    0.3540368676185608,
    0.3757539391517639,
    0.40122348070144653,
    0.3720893859863281,
    0.39361006021499634,
    0.3764367699623108,
    0.37869492173194885,
    0.36575189232826233,
    0.3690015375614166,
    0.38573160767555237,
    0.3751058876514435,
    0.3787432312965393,
    0.361545592546463,
    0.3795693814754486,
    0.3678065538406372,
    0.37784165143966675,
    0.37458711862564087,
    0.3953602910041809,
    0.3598756194114685,
    0.375990629196167,
    0.38112401962280273,
    0.397508442401886,
    0.39432114362716675,
    0.374987930059433,
    0.3882419466972351,
    0.3864745497703552,
    0.379834920167923,
    0.38101300597190857,
    0.35422372817993164,
    0.37137746810913086,
    0.3804083466529846,
    0.3882768750190735,
    0.36464574933052063,
    0.39726296067237854,
    0.40838322043418884,
    0.38466310501098633,
    0.3987659513950348,
    0.37197914719581604,
    0.3873710036277771,
    0.38063302636146545,
    0.39826446771621704,
    0.3837739825248718,
    0.39431414008140564,
    0.3792686462402344,
    0.39013558626174927,
    0.39208394289016724,
    0.3613559603691101,
    0.3696560263633728,
    0.3729854226112366,
    0.3856262266635895,
    0.39309269189834595,
    0.37968143820762634,
    0.363777220249176,
    0.3830946981906891,
    0.37532854080200195,
    0.3789903521537781,
    0.38491538166999817,
    0.3713315427303314,
    0.3759949207305908,
    0.3660450577735901,
    0.3871763348579407,
    0.3839089274406433,
    0.3743284344673157,
    0.3846696615219116,
    0.3730575144290924,
    0.38462892174720764,
    0.37438008189201355,
    0.37983494997024536,
    0.3755842447280884,
    0.3629146218299866,
    0.3877761960029602,
    0.3817208409309387,
    0.3744611442089081,
    0.3696872591972351,
    0.37645357847213745,
    0.3985818028450012,
    0.37556907534599304,
    0.39689910411834717,
    0.3765924572944641,
    0.3885219991207123,
    0.3718167841434479,
    0.38070085644721985,
    0.37069982290267944
  ],