{
  "loss": [
    0.7247756719589233,
    0.6645674109458923,
    0.5651790499687195,
    0.6864213943481445,
    0.5916072130203247,
    0.6103726625442505,
    0.5887833833694458,
    0.5894360542297363,
    0.5612800717353821,
    0.5292619466781616,
    0.5727120041847229,
    0.5093377828598022,
    0.5723827481269836,
    0.5521173477172852,
    0.5962997674942017,
    0.5593866109848022,
    0.5622013807296753,
    0.6015740633010864,
    0.5666906833648682,
    0.5338452458381653,
    0.608884334564209,
    0.5400264263153076,
    0.5522449612617493,
    0.5807841420173645,
    0.5345403552055359,
    0.547095775604248,
    0.5484044551849365,
    0.5819042921066284,
    0.580224871635437,
    0.5396060347557068,
    0.546864926815033,
    0.5365502238273621,
    0.5495672225952148,
    0.5375754237174988,
    0.5582311153411865,
    0.5588704943656921,
    0.5688868761062622,
    0.5525244474411011,
    0.5153905153274536,
    0.5284209251403809,
    0.5708181262016296,
    0.5846110582351685,
    0.6106852293014526,
    0.5368276238441467,
    0.5439596176147461,
    0.5495392084121704,
    0.5512065291404724,
    0.5571646690368652,
    0.5672104358673096,
    0.5216549634933472,
    0.5479761958122253,
    0.5084880590438843,
    0.5236592292785645,
    0.473270982503891,
    0.5710519552230835,
    0.5186436176300049,
    0.5824698209762573,
    0.5649076104164124,
    0.4792805314064026,
    0.5510411262512207,
    0.5606327056884766,
    0.5733069181442261,
    0.5301333665847778,
    0.5327545404434204,
    0.6176880598068237,
    0.5407156348228455,
    0.6123756766319275,
    0.5454220175743103,
    0.5316486358642578,
    0.5580889582633972,
    0.5136845111846924,
    0.5642258524894714,
    0.5745766162872314,
    0.5428357124328613,
    0.533318817615509,
    0.5467943549156189,
    0.5503532886505127,
    0.5161076188087463,
    0.5617418885231018,
    0.4984825551509857,
    0.5468932390213013,
    0.540651798248291,
    0.5275419354438782,
    0.6009967923164368,
    0.5350691676139832,
    0.562782347202301,
    0.5478554964065552,
    0.5279770493507385,
    0.5255119204521179,
    0.5443760752677917,
    0.5826895833015442,
    0.5507999062538147,
    0.5034205913543701,
    0.5561080574989319,
    0.5495340824127197,
    0.5203632712364197,
    0.5303632020950317,
    0.5249223709106445,
    0.5265269875526428,
    0.5039600729942322
  ],
  "accuracy": [
    0.621874988079071,
    0.6343749761581421,
    0.721875011920929,
    0.65625,
    0.699999988079071,
    0.7124999761581421,
    0.690625011920929,
    0.706250011920929,
    0.762499988079071,
    0.784375011920929,
    0.75,
    0.768750011920929,
    0.7406250238418579,
    0.7437499761581421,
    0.7250000238418579,
    0.7406250238418579,
    0.734375,
    0.7124999761581421,
    0.731249988079071,
    0.737500011920929,
    0.6875,
    0.75,
    0.731249988079071,
    0.721875011920929,
    0.746874988079071,
    0.734375,
    0.731249988079071,
    0.7437499761581421,
    0.7281249761581421,
    0.753125011920929,
    0.75,
    0.762499988079071,
    0.78125,
    0.762499988079071,
    0.731249988079071,
    0.7281249761581421,
    0.7281249761581421,
    0.7593749761581421,
    0.7593749761581421,
    0.746874988079071,
    0.7250000238418579,
    0.706250011920929,
    0.684374988079071,
    0.75,
    0.7562500238418579,
    0.765625,
    0.7437499761581421,
    0.721875011920929,
    0.7250000238418579,
    0.75,
    0.765625,
    0.7906249761581421,
    0.7562500238418579,
    0.7906249761581421,
    0.731249988079071,
    0.753125011920929,
    0.699999988079071,
    0.734375,
    0.796875,
    0.734375,
    0.7250000238418579,
    0.71875,
    0.768750011920929,
    0.765625,
    0.6812499761581421,
    0.7406250238418579,
    0.7093750238418579,
    0.737500011920929,
    0.7437499761581421,
    0.7437499761581421,
    0.753125011920929,
    0.721875011920929,
    0.706250011920929,
    0.7406250238418579,
    0.7562500238418579,
    0.746874988079071,
    0.731249988079071,
    0.7562500238418579,
    0.715624988079071,
    0.793749988079071,
    0.75,
    0.753125011920929,
    0.765625,
    0.6937500238418579,
    0.75,
    0.737500011920929,
    0.746874988079071,
    0.75,
    0.7718750238418579,
    0.7406250238418579,
    0.7093750238418579,
    0.737500011920929,
    0.768750011920929,
    0.7562500238418579,
    0.734375,
    0.7406250238418579,
    0.7718750238418579,
    0.7593749761581421,
    0.765625,
    0.784375011920929
  ],
  "mean_absolute_error": [
    0.4223243296146393,
    0.4079527258872986,
    0.36439186334609985,
    0.4113076329231262,
    0.38773494958877563,
    0.3884727656841278,
    0.3891080319881439,
    0.39012405276298523,
    0.3781810700893402,
    0.3620002567768097,
    0.3766306936740875,
    0.351116806268692,
    0.3741387724876404,
    0.36203765869140625,
    0.3836342394351959,
    0.37436050176620483,
    0.37313681840896606,
    0.38830655813217163,
    0.37576690316200256,
    0.36994075775146484,
    0.40126100182533264,
    0.3701957166194916,
    0.3740816116333008,
    0.38326993584632874,
    0.36478957533836365,
    0.37373194098472595,
    0.36612874269485474,
    0.3753282427787781,
    0.38340264558792114,
    0.3685489296913147,
    0.36873728036880493,
    0.36315715312957764,
    0.3642989695072174,
    0.3630220592021942,
    0.37329405546188354,
    0.3719536364078522,
    0.3819304406642914,
    0.36991626024246216,
    0.3537422716617584,
    0.3609534800052643,
    0.3809856176376343,
    0.38409167528152466,
    0.3965047597885132,
    0.36490508913993835,
    0.3694950044155121,
    0.37122026085853577,
    0.369613379240036,
    0.3769358992576599,
    0.38105863332748413,
    0.3550950586795807,
    0.36804813146591187,
    0.3501378893852234,
    0.35243719816207886,
    0.32952815294265747,
    0.36084890365600586,
    0.3437484800815582,
    0.3675639033317566,
    0.3645769953727722,
    0.3299211263656616,
    0.3594715893268585,
    0.36156827211380005,
    0.3694975674152374,
    0.35223203897476196,
    0.3556354343891144,
    0.3953193724155426,
    0.3645104169845581,
    0.39389824867248535,
    0.36915522813796997,
    0.36579886078834534,
    0.37503138184547424,
    0.35068565607070923,
    0.3701365292072296,
    0.3798655569553375,
    0.36340174078941345,
    0.3625833988189697,
    0.3617784380912781,
    0.36706262826919556,
    0.35287347435951233,
    0.37579894065856934,
    0.34297651052474976,
    0.36138632893562317,
    0.3564379811286926,
    0.35275715589523315,
    0.3825730085372925,
    0.36187297105789185,
    0.3711370825767517,
    0.36815619468688965,
    0.35862666368484497,
    0.3566015362739563,
    0.3629878759384155,
    0.37780457735061646,
    0.36754244565963745,
    0.3444163203239441,
    0.36350274085998535,
    0.362337589263916,
    0.35404515266418457,
    0.357930064201355,
    0.35022997856140137,
    0.34934544563293457,
    0.34196144342422485
  ],