{
  "loss": [
    0.8778489232063293,
    0.7087029814720154,
    0.6769386529922485,
    0.6790211200714111,
    0.5785502195358276,
    0.5878995656967163,
    0.6089945435523987,
    0.6223126649856567,
    0.580220103263855,
    0.6181111335754395,
    0.5671414136886597,
    0.5196104645729065,
    0.5910464525222778,
    0.560571551322937,
    0.592863142490387,
    0.5920501351356506,
    0.582842230796814,
    0.6079282164573669,
    0.5738145112991333,
    0.5978143215179443,
    0.5747762322425842,
    0.5682457685470581,
    0.5512835383415222,
    0.5576722621917725,
    0.5632993578910828,
    0.578755259513855,
    0.5411775708198547,
    0.576506495475769,
    0.547443151473999,
    0.5307911038398743,
    0.5347951054573059,
    0.5549882650375366,
    0.5955038070678711,
    0.6064815521240234,
    0.5202374458312988,
    0.5674828886985779,
    0.5860687494277954,
    0.5363855957984924,
    0.5711010694503784,
    0.5745431184768677,
    0.5739520192146301,
    0.5915435552597046,
    0.5835453271865845,
    0.5701454877853394,
    0.5575377941131592,
    0.5355337858200073,
    0.5491546988487244,
    0.6064544320106506,
    0.5669743418693542,
    0.5506260991096497,
    0.49888545274734497,
    0.55506831407547,
    0.5573164224624634,
    0.5642907619476318,
    0.5610226392745972,
    0.5493834614753723,
    0.6308324337005615,
    0.5612930059432983,
    0.5800358057022095,
    0.5877339839935303,
    0.5827959775924683,
    0.507319986820221,
    0.5687418580055237,
    0.5557469725608826,
    0.5402599573135376,
    0.5035788416862488,
    0.5484424829483032,
    0.5908225774765015,
    0.5240063071250916,
    0.5411747694015503,
    0.5786048173904419,
    0.5716565847396851,
    0.5138821601867676,
    0.5141245722770691,
    0.5781048536300659,
    0.5308355689048767,
    0.5425276756286621,
    0.5433174967765808,
    0.5307557582855225,
    0.5524980425834656,
    0.5625727772712708,
    0.5836980938911438,
    0.5079543590545654,
    0.5585528016090393,
    0.5387228727340698,
    0.5704289674758911,
    0.5776750445365906,
    0.5237916707992554,
    0.5629041790962219,
    0.5664006471633911,
    0.540281355381012,
    0.5704006552696228,
    0.566826581954956,
    0.5649409890174866,
    0.5887995958328247,
    0.602824866771698,
    0.5207325220108032,
    0.5567959547042847,
    0.5763334631919861,
    0.5455020666122437
  ],
  "accuracy": [
    0.534375011920929,
    0.643750011920929,
    0.671875,
    0.65625,
    0.721875011920929,
    0.71875,
    0.7124999761581421,
    0.6625000238418579,
    0.7124999761581421,
    0.721875011920929,
    0.746874988079071,
    0.778124988079071,
    0.7124999761581421,
    0.7281249761581421,
    0.721875011920929,
    0.703125,
    0.731249988079071,
    0.715624988079071,
    0.7281249761581421,
    0.690625011920929,
    0.7406250238418579,
    0.734375,
    0.7281249761581421,
    0.731249988079071,
    0.721875011920929,
    0.731249988079071,
    0.7562500238418579,
    0.7406250238418579,
    0.7593749761581421,
    0.765625,
    0.75,
    0.7437499761581421,
    0.6937500238418579,
    0.6781250238418579,
    0.762499988079071,
    0.731249988079071,
    0.699999988079071,
    0.768750011920929,
    0.7250000238418579,
    0.75,
    0.7281249761581421,
    0.715624988079071,
    0.715624988079071,
    0.7250000238418579,
    0.746874988079071,
    0.762499988079071,
    0.7406250238418579,
    0.706250011920929,
    0.7281249761581421,
    0.762499988079071,
    0.778124988079071,
    0.71875,
    0.7593749761581421,
    0.7250000238418579,
    0.731249988079071,
    0.7250000238418579,
    0.6625000238418579,
    0.7250000238418579,
    0.706250011920929,
    0.721875011920929,
    0.7093750238418579,
    0.800000011920929,
    0.737500011920929,
    0.7281249761581421,
    0.7593749761581421,
    0.784375011920929,
    0.7562500238418579,
    0.721875011920929,
    0.7593749761581421,
    0.7406250238418579,
    0.731249988079071,
    0.7250000238418579,
    0.778124988079071,
    0.768750011920929,
    0.7250000238418579,
    0.746874988079071,
    0.737500011920929,
    0.7562500238418579,
    0.737500011920929,
    0.7281249761581421,
    0.7124999761581421,
    0.71875,
    0.765625,
    0.737500011920929,
    0.7593749761581421,
    0.7093750238418579,
    0.7250000238418579,
    0.784375011920929,
    0.7406250238418579,
    0.7250000238418579,
    0.7406250238418579,
    0.71875,
    0.7437499761581421,
    0.731249988079071,
    0.721875011920929,
    0.699999988079071,
    0.765625,
    0.746874988079071,
    0.7250000238418579,
    0.731249988079071
  ],
  "mean_absolute_error": [
    0.47773033380508423,
    0.4111139178276062,
    0.3930472433567047,
    0.4087778925895691,
    0.36945202946662903,
    0.37205857038497925,
    0.3807336986064911,
    0.39109188318252563,
    0.3705081343650818,
    0.38785356283187866,
    0.36919766664505005,
    0.33864960074424744,
    0.36984243988990784,
    0.35768264532089233,
    0.3659173846244812,
    0.3782481551170349,
    0.3710503578186035,
    0.3923690915107727,
    0.3787112832069397,
    0.3812114894390106,
    0.3662041127681732,
    0.36707648634910583,
    0.36480361223220825,
    0.36568722128868103,
    0.3683565855026245,
    0.3692009747028351,
    0.3551956117153168,
    0.36432769894599915,
    0.36043787002563477,
    0.34956979751586914,
    0.3471519947052002,
    0.35384395718574524,
    0.384221613407135,
    0.38728243112564087,
    0.35479193925857544,
    0.37185409665107727,
    0.38640087842941284,
    0.3603188991546631,
    0.375775545835495,
    0.3693832457065582,
    0.3735218048095703,
    0.386623740196228,
    0.3870692551136017,
    0.38342854380607605,
    0.37735414505004883,
    0.36315226554870605,
    0.3674519956111908,
    0.38811665773391724,
    0.3688982129096985,
    0.3612263798713684,
    0.3360479474067688,
    0.35833656787872314,
    0.35200148820877075,
    0.36793050169944763,
    0.36473971605300903,
    0.36116740107536316,
    0.3967113494873047,
    0.3722599148750305,
    0.3836710453033447,
    0.38140636682510376,
    0.3827393651008606,
    0.3497920036315918,
    0.36961740255355835,
    0.35994112491607666,
    0.3551173806190491,
    0.338514506816864,
    0.35530370473861694,
    0.37048378586769104,
    0.35119134187698364,
    0.35711902379989624,
    0.3750574290752411,
    0.37059879302978516,
    0.349124550819397,
    0.3380419611930847,
    0.37048232555389404,
    0.35401463508605957,
    0.3679348826408386,
    0.35819000005722046,
    0.3602842688560486,
    0.36460641026496887,
    0.37176352739334106,
    0.3773224651813507,
    0.33907726407051086,
    0.36171993613243103,
    0.34821945428848267,
    0.37574073672294617,
    0.376516193151474,
    0.35134005546569824,
    0.36849552392959595,
    0.37060314416885376,
    0.35769400000572205,
    0.37460049986839294,
    0.3725217282772064,
    0.377019464969635,
    0.38037189841270447,
    0.3899684250354767,
    0.35451093316078186,
    0.36601686477661133,
    0.3752138912677765,
    0.35461536049842834
  ],