{
  "loss": [
    0.7687516212463379,
    0.7130855917930603,
    0.6613897085189819,
    0.6261090636253357,
    0.640605628490448,
    0.6096142530441284,
    0.6533438563346863,
    0.5837075114250183,
    0.5971976518630981,
    0.6265034079551697,
    0.6358988285064697,
    0.5497080087661743,
    0.5455257296562195,
    0.5839536786079407,
    0.6475932002067566,
    0.5558062791824341,
    0.6287543177604675,
    0.599635899066925,
    0.6097748279571533,
    0.5898541212081909,
    0.6288638114929199,
    0.6086006164550781,
    0.6157076358795166,
    0.6092001795768738,
    0.5455827713012695,
    0.6343668699264526,
    0.5847294330596924,
    0.5729748010635376,
    0.5543799996376038,
    0.5327449440956116,
    0.6203396916389465,
    0.6070000529289246,
    0.6157463788986206,
    0.603267252445221,
    0.5835682153701782,
    0.5939196348190308,
    0.5624192357063293,
    0.5838137865066528,
    0.5711718201637268,
    0.5771204233169556,
    0.5638619661331177,
    0.6065688133239746,
    0.5347616076469421,
    0.5913078784942627,
    0.6027013063430786,
    0.603137195110321,
    0.5760353803634644,
    0.6140461564064026,
    0.5669846534729004,
    0.6059415340423584,
    0.5814074873924255,
    0.5612079501152039,
    0.6199246644973755,
    0.591925323009491,
    0.5553212761878967,
    0.5888733267784119,
    0.5804997682571411,
    0.541139543056488,
    0.5326783657073975,
    0.5751457810401917,
    0.5625595450401306,
    0.5785945653915405,
    0.5707311630249023,
    0.5588275194168091,
    0.5379213690757751,
    0.5538836121559143,
    0.5659795999526978,
    0.5905143022537231,
    0.541153073310852,
    0.5437841415405273,
    0.5403624176979065,
    0.5688560009002686,
    0.6071698069572449,
    0.5587719082832336,
    0.5642575025558472,
    0.5805255770683289,
    0.5510953068733215,
    0.5925177335739136,
    0.5581152439117432,
    0.5749274492263794,
    0.5466876029968262,
    0.5364834070205688,
    0.6082553863525391,
    0.5300148725509644,
    0.5453154444694519,
    0.5985742807388306,
    0.5526319146156311,
    0.5915862321853638,
    0.6031521558761597,
    0.5673422813415527,
    0.5180036425590515,
    0.5839141607284546,
    0.5382458567619324,
    0.5661209225654602,
    0.5531607866287231,
    0.5780646800994873,
    0.5962833166122437,
    0.5307027697563171,
    0.5194765329360962,
    0.5483689308166504
  ],
  "accuracy": [
    0.5687500238418579,
    0.6156250238418579,
    0.6468750238418579,
    0.7281249761581421,
    0.668749988079071,
    0.699999988079071,
    0.6968749761581421,
    0.7093750238418579,
    0.7093750238418579,
    0.703125,
    0.6499999761581421,
    0.731249988079071,
    0.753125011920929,
    0.7281249761581421,
    0.675000011920929,
    0.7281249761581421,
    0.6937500238418579,
    0.6968749761581421,
    0.684374988079071,
    0.715624988079071,
    0.671875,
    0.6937500238418579,
    0.671875,
    0.6968749761581421,
    0.762499988079071,
    0.690625011920929,
    0.7281249761581421,
    0.7250000238418579,
    0.7406250238418579,
    0.731249988079071,
    0.6812499761581421,
    0.6968749761581421,
    0.671875,
    0.71875,
    0.7124999761581421,
    0.675000011920929,
    0.7093750238418579,
    0.7250000238418579,
    0.721875011920929,
    0.737500011920929,
    0.703125,
    0.6937500238418579,
    0.746874988079071,
    0.7437499761581421,
    0.703125,
    0.721875011920929,
    0.737500011920929,
    0.703125,
    0.721875011920929,
    0.7093750238418579,
    0.721875011920929,
    0.7250000238418579,
    0.6968749761581421,
    0.7093750238418579,
    0.768750011920929,
    0.721875011920929,
    0.7281249761581421,
    0.746874988079071,
    0.778124988079071,
    0.753125011920929,
    0.734375,
    0.721875011920929,
    0.7281249761581421,
    0.765625,
    0.778124988079071,
    0.7406250238418579,
    0.721875011920929,
    0.703125,
    0.7562500238418579,
    0.7562500238418579,
    0.737500011920929,
    0.7250000238418579,
    0.7093750238418579,
    0.746874988079071,
    0.753125011920929,
    0.703125,
    0.753125011920929,
    0.737500011920929,
    0.7124999761581421,
    0.706250011920929,
    0.762499988079071,
    0.7593749761581421,
    0.7250000238418579,
    0.75,
    0.765625,
    0.71875,
    0.7281249761581421,
    0.7124999761581421,
    0.7124999761581421,
    0.737500011920929,
    0.765625,
    0.706250011920929,
    0.762499988079071,
    0.7406250238418579,
    0.731249988079071,
    0.7250000238418579,
    0.684374988079071,
    0.753125011920929,
    0.765625,
    0.765625
  ],
  "mean_absolute_error": [
    0.44845467805862427,
    0.4274529814720154,
    0.4163301885128021,
    0.3804636597633362,
    0.39784201979637146,
    0.3898778557777405,
    0.40346336364746094,
    0.37789005041122437,
    0.3892606198787689,
    0.3932850956916809,
    0.4099944233894348,
    0.38228726387023926,
    0.36627650260925293,
    0.37577471137046814,
    0.407744824886322,
    0.3723556399345398,
    0.3977680206298828,
    0.3956899046897888,
    0.39586490392684937,
    0.3999979496002197,
    0.4119868874549866,
    0.3941025137901306,
    0.4008559584617615,
    0.4038267135620117,
    0.3726791739463806,
    0.41067567467689514,
    0.3858901262283325,
    0.38021376729011536,
    0.37591439485549927,
    0.3712174892425537,
    0.3995492160320282,
    0.3989974856376648,
    0.40034666657447815,
    0.3944067358970642,
    0.3873916268348694,
    0.3930279612541199,
    0.3799353241920471,
    0.38860824704170227,
    0.3786582350730896,
    0.38529714941978455,
    0.38361141085624695,
    0.40103110671043396,
    0.3625916838645935,
    0.3863323926925659,
    0.3992854356765747,
    0.3965510427951813,
    0.3864809572696686,
    0.4019295573234558,
    0.3845098614692688,
    0.39864861965179443,
    0.39144060015678406,
    0.38021332025527954,
    0.4024333357810974,
    0.3973667621612549,
    0.3770754337310791,
    0.39490920305252075,
    0.3932453691959381,
    0.3696977496147156,
    0.3660876154899597,
    0.379323810338974,
    0.37543821334838867,
    0.38302695751190186,
    0.385816752910614,
    0.3751285672187805,
    0.3691316246986389,
    0.3745998740196228,
    0.3690339922904968,
    0.3823091983795166,
    0.3635408282279968,
    0.3702515959739685,
    0.3640722930431366,
    0.37549760937690735,
    0.3879009485244751,
    0.37301361560821533,
    0.3724486231803894,
    0.38421326875686646,
    0.3748728930950165,
    0.3846513032913208,
    0.37621650099754333,
    0.37652286887168884,
    0.36833620071411133,
    0.3671954274177551,
    0.3921431303024292,
    0.3642854690551758,
    0.3656805455684662,
    0.3857087790966034,
    0.3700593113899231,
    0.3862249255180359,
    0.3860941231250763,
    0.37677401304244995,
    0.3604387938976288,
    0.3835960030555725,
    0.36092203855514526,
    0.3792897164821625,
    0.3692055642604828,
    0.3786807954311371,
    0.39004331827163696,
    0.36435750126838684,
    0.35676464438438416,
    0.3654685914516449
  ],