{
  "loss": [
    0.8796249628067017,
    0.6737262010574341,
    0.7192362546920776,
    0.6700857877731323,
    0.6706506013870239,
    0.6200753450393677,
    0.6587743163108826,
    0.5967000722885132,
    0.6212152242660522,
    0.6204861998558044,
    0.6587920188903809,
    0.5319212079048157,
    0.6388884782791138,
    0.5827001333236694,
    0.5896888971328735,
    0.5971990823745728,
    0.618462085723877,
    0.603601336479187,
    0.577962338924408,
    0.569094717502594,
    0.5615580081939697,
    0.6266189813613892,
    0.5910679697990417,
    0.5876414775848389,
    0.5815306901931763,
    0.592176616191864,
    0.5733259916305542,
    0.5473860502243042,
    0.5591412782669067,
    0.6440738439559937,
    0.5849469900131226,
    0.5766961574554443,
    0.5933014154434204,
    0.5628752708435059,
    0.5658119916915894,
    0.5921229124069214,
    0.5987847447395325,
    0.5435913801193237,
    0.6010978817939758,
    0.5432122945785522,
    0.5197740197181702,
    0.6194638013839722,
    0.563660740852356,
    0.5276474952697754,
    0.5591123104095459,
    0.533208429813385,
    0.5708321332931519,
    0.5424689650535583,
    0.5491881966590881,
    0.515693187713623,
    0.5531309247016907,
    0.5716885924339294,
    0.5152028799057007,
    0.5329685211181641,
    0.578511118888855,
    0.584935188293457,
    0.5205075144767761,
    0.619824230670929,
    0.5854761004447937,
    0.5623801946640015,
    0.5368832945823669,
    0.5475024580955505,
    0.5430029034614563,
    0.5762821435928345,
    0.5325497388839722,
    0.5245705842971802,
    0.5797475576400757,
    0.5506693124771118,
    0.6165011525154114,
    0.5527970790863037,
    0.5547232627868652,
    0.5597318410873413,
    0.5354507565498352,
    0.5918071866035461,
    0.586322546005249,
    0.5335632562637329,
    0.5384159088134766,
    0.5831173658370972,
    0.5481239557266235,
    0.5706601738929749,
    0.5768644213676453,
    0.5118776559829712,
    0.5672706365585327,
    0.555694043636322,
    0.5319462418556213,
    0.5534749627113342,
    0.5308612585067749,
    0.536403238773346,
    0.5658686757087708,
    0.5647258758544922,
    0.5616260766983032,
    0.5986636877059937,
    0.5311309099197388,
    0.5562645196914673,
    0.6030648350715637,
    0.530432403087616,
    0.5729924440383911,
    0.5278555154800415,
    0.5422384142875671,
    0.5439106225967407
  ],
  "accuracy": [
    0.5843750238418579,
    0.640625,
    0.6343749761581421,
    0.690625011920929,
    0.6812499761581421,
    0.6781250238418579,
    0.6625000238418579,
    0.671875,
    0.715624988079071,
    0.7124999761581421,
    0.6656249761581421,
    0.7562500238418579,
    0.6625000238418579,
    0.7250000238418579,
    0.731249988079071,
    0.703125,
    0.6937500238418579,
    0.6968749761581421,
    0.71875,
    0.7281249761581421,
    0.71875,
    0.7093750238418579,
    0.6875,
    0.715624988079071,
    0.731249988079071,
    0.7124999761581421,
    0.7281249761581421,
    0.7281249761581421,
    0.731249988079071,
    0.668749988079071,
    0.7281249761581421,
    0.734375,
    0.721875011920929,
    0.7250000238418579,
    0.706250011920929,
    0.6937500238418579,
    0.7093750238418579,
    0.7250000238418579,
    0.699999988079071,
    0.7406250238418579,
    0.78125,
    0.6781250238418579,
    0.734375,
    0.762499988079071,
    0.7406250238418579,
    0.768750011920929,
    0.715624988079071,
    0.7406250238418579,
    0.7437499761581421,
    0.768750011920929,
    0.7437499761581421,
    0.703125,
    0.784375011920929,
    0.7718750238418579,
    0.699999988079071,
    0.765625,
    0.7718750238418579,
    0.6968749761581421,
    0.6875,
    0.7406250238418579,
    0.753125011920929,
    0.7437499761581421,
    0.7406250238418579,
    0.7281249761581421,
    0.746874988079071,
    0.7593749761581421,
    0.715624988079071,
    0.731249988079071,
    0.7124999761581421,
    0.734375,
    0.737500011920929,
    0.7250000238418579,
    0.765625,
    0.7124999761581421,
    0.7250000238418579,
    0.7593749761581421,
    0.7437499761581421,
    0.684374988079071,
    0.7437499761581421,
    0.690625011920929,
    0.706250011920929,
    0.78125,
    0.7281249761581421,
    0.7406250238418579,
    0.71875,
    0.7562500238418579,
    0.7593749761581421,
    0.7562500238418579,
    0.7437499761581421,
    0.734375,
    0.7124999761581421,
    0.6968749761581421,
    0.7562500238418579,
    0.75,
    0.721875011920929,
    0.7593749761581421,
    0.721875011920929,
    0.768750011920929,
    0.737500011920929,
    0.75
  ],
  "mean_absolute_error": [
    0.45384877920150757,
    0.40349286794662476,
    0.41578155755996704,
    0.39652571082115173,
    0.40511369705200195,
    0.39708203077316284,
    0.4106401801109314,
    0.39652737975120544,
    0.39833134412765503,
    0.39404478669166565,
    0.4178471565246582,
    0.3695286810398102,
    0.4161757528781891,
    0.3831290006637573,
    0.38924166560173035,
    0.3957441747188568,
    0.3995290696620941,
    0.39969080686569214,
    0.3859347403049469,
    0.3755875527858734,
    0.3779952824115753,
    0.392883837223053,
    0.39320293068885803,
    0.38450193405151367,
    0.3879339396953583,
    0.3933996558189392,
    0.3867819905281067,
    0.37512853741645813,
    0.37892112135887146,
    0.4080348014831543,
    0.385286808013916,
    0.38319116830825806,
    0.3900887072086334,
    0.38253509998321533,
    0.38301512598991394,
    0.3938443064689636,
    0.3969108462333679,
    0.3748527467250824,
    0.39924460649490356,
    0.37358254194259644,
    0.3569907248020172,
    0.4018464684486389,
    0.3776172697544098,
    0.36307311058044434,
    0.37378400564193726,
    0.3632660508155823,
    0.3746052384376526,
    0.3723415732383728,
    0.3725941777229309,
    0.35742679238319397,
    0.3671073317527771,
    0.3744027018547058,
    0.3510707914829254,
    0.35958540439605713,
    0.3771888315677643,
    0.3733525574207306,
    0.3537893295288086,
    0.3963553011417389,
    0.38240212202072144,
    0.3764062821865082,
    0.3656650185585022,
    0.3652391731739044,
    0.36089009046554565,
    0.3763692378997803,
    0.36269083619117737,
    0.3531702756881714,
    0.37546008825302124,
    0.3646045923233032,
    0.3911304175853729,
    0.36986666917800903,
    0.37104159593582153,
    0.3744344711303711,
    0.36428946256637573,
    0.38106971979141235,
    0.38439732789993286,
    0.3581867218017578,
    0.3658909201622009,
    0.38527268171310425,
    0.3638703227043152,
    0.37643447518348694,
    0.378437340259552,
    0.348324179649353,
    0.3715057373046875,
    0.37029772996902466,
    0.3635801672935486,
    0.36978694796562195,
    0.3619338870048523,
    0.36085304617881775,
    0.36873897910118103,
    0.3729613423347473,
    0.37513989210128784,
    0.3855744004249573,
    0.36056819558143616,
    0.37035390734672546,
    0.39142709970474243,
    0.36335018277168274,
    0.380570650100708,
    0.35756778717041016,
    0.36907950043678284,
    0.362813800573349
  ],