{
  "loss": [
    0.7798395752906799,
    0.6672866940498352,
    0.6843568086624146,
    0.6066935658454895,
    0.7006775736808777,
    0.5781599879264832,
    0.6051563024520874,
    0.5944881439208984,
    0.5705550909042358,
    0.5846861600875854,
    0.5757411122322083,
    0.5851782560348511,
    0.5806865096092224,
    0.5621153116226196,
    0.5637416243553162,
    0.6012408137321472,
    0.5779034495353699,
    0.5428116321563721,
    0.5437870025634766,
    0.593542754650116,
    0.5635653138160706,
    0.5631365180015564,
    0.5641372203826904,
    0.5271121263504028,
    0.5586223602294922,
    0.5625277161598206,
    0.539575457572937,
    0.5193530917167664,
    0.5350993871688843,
    0.5539675354957581,
    0.5706130266189575,
    0.5310252904891968,
    0.5749813318252563,
    0.532751739025116,
    0.570896565914154,
    0.562506914138794,
    0.5705849528312683,
    0.5382310152053833,
    0.5183103680610657,
    0.5385902523994446,
    0.5217050313949585,
    0.5758078694343567,
    0.5846208333969116,
    0.5676175355911255,
    0.6104898452758789,
    0.5670076012611389,
    0.5387914180755615,
    0.518894374370575,
    0.5345771312713623,
    0.611378014087677,
    0.5758565664291382,
    0.5411899089813232,
    0.5583568811416626,
    0.5386186838150024,
    0.5889700651168823,
    0.5571630597114563,
    0.5079586505889893,
    0.5343031883239746,
    0.5549766421318054,
    0.4929272532463074,
    0.5515456795692444,
    0.5559448003768921,
    0.5213261246681213,
    0.6090982556343079,
    0.5417112708091736,
    0.5408278107643127,
    0.5766956806182861,
    0.552176296710968,
    0.5420020818710327,
    0.569670557975769,
    0.5450713038444519,
    0.5467134118080139,
    0.5069819688796997,
    0.5340031385421753,
    0.5561439394950867,
    0.5370201468467712,
    0.5215845704078674,
    0.5720771551132202,
    0.5661296248435974,
    0.5222791433334351,
    0.5118180513381958,
    0.4925556778907776,
    0.5059641003608704,
    0.5679228901863098,
    0.5322960019111633,
    0.5359828472137451,
    0.5235732793807983,
    0.5635139346122742,
    0.5330090522766113,
    0.5272811055183411,
    0.5484999418258667,
    0.571484386920929,
    0.5319029092788696,
    0.5505288243293762,
    0.5527825355529785,
    0.49456578493118286,
    0.5376666784286499,
    0.6040054559707642,
    0.5689433217048645,
    0.5419632196426392
  ],
  "accuracy": [
    0.53125,
    0.621874988079071,
    0.637499988079071,
    0.6875,
    0.625,
    0.7124999761581421,
    0.699999988079071,
    0.7281249761581421,
    0.734375,
    0.7124999761581421,
    0.71875,
    0.7437499761581421,
    0.6968749761581421,
    0.7124999761581421,
    0.731249988079071,
    0.6875,
    0.703125,
    0.765625,
    0.7281249761581421,
    0.6812499761581421,
    0.737500011920929,
    0.71875,
    0.7281249761581421,
    0.7562500238418579,
    0.731249988079071,
    0.71875,
    0.746874988079071,
    0.778124988079071,
    0.762499988079071,
    0.734375,
    0.7406250238418579,
    0.7593749761581421,
    0.731249988079071,
    0.7437499761581421,
    0.7281249761581421,
    0.731249988079071,
    0.715624988079071,
    0.7718750238418579,
    0.7749999761581421,
    0.7749999761581421,
    0.75,
    0.7250000238418579,
    0.7124999761581421,
    0.7281249761581421,
    0.684374988079071,
    0.7593749761581421,
    0.762499988079071,
    0.7718750238418579,
    0.762499988079071,
    0.6968749761581421,
    0.7281249761581421,
    0.734375,
    0.737500011920929,
    0.753125011920929,
    0.7093750238418579,
    0.7281249761581421,
    0.784375011920929,
    0.7406250238418579,
    0.7562500238418579,
    0.793749988079071,
    0.731249988079071,
    0.734375,
    0.746874988079071,
    0.690625011920929,
    0.762499988079071,
    0.7593749761581421,
    0.734375,
    0.768750011920929,
    0.7593749761581421,
    0.703125,
    0.75,
    0.753125011920929,
    0.778124988079071,
    0.768750011920929,
    0.753125011920929,
    0.7562500238418579,
    0.7718750238418579,
    0.721875011920929,
    0.734375,
    0.765625,
    0.768750011920929,
    0.784375011920929,
    0.762499988079071,
    0.715624988079071,
    0.75,
    0.7437499761581421,
    0.7718750238418579,
    0.737500011920929,
    0.765625,
    0.7718750238418579,
    0.737500011920929,
    0.7406250238418579,
    0.753125011920929,
    0.746874988079071,
    0.7562500238418579,
    0.765625,
    0.737500011920929,
    0.699999988079071,
    0.737500011920929,
    0.7406250238418579
  ],
  "mean_absolute_error": [
    0.47672662138938904,
    0.4195614755153656,
    0.41755756735801697,
    0.401328980922699,
    0.4421135485172272,
    0.3899412751197815,
    0.39523109793663025,
    0.395560085773468,
    0.38612252473831177,
    0.39070355892181396,
    0.38227057456970215,
    0.38425686955451965,
    0.38721680641174316,
    0.37975794076919556,
    0.37437114119529724,
    0.3890090882778168,
    0.37677261233329773,
    0.3642270267009735,
    0.360282838344574,
    0.38273000717163086,
    0.36944693326950073,
    0.3710293769836426,
    0.375684529542923,
    0.354467511177063,
    0.3695363700389862,
    0.3801974356174469,
    0.37056034803390503,
    0.3532072901725769,
    0.3528793454170227,
    0.36229419708251953,
    0.3626132309436798,
    0.3553747236728668,
    0.3706054091453552,
    0.3562465012073517,
    0.36995452642440796,
    0.3659590184688568,
    0.3723096251487732,
    0.36158639192581177,
    0.3478073477745056,
    0.3530293405056,
    0.344421923160553,
    0.36919695138931274,
    0.37410134077072144,
    0.37660399079322815,
    0.3997909426689148,
    0.37910768389701843,
    0.36705446243286133,
    0.35475921630859375,
    0.36139416694641113,
    0.38618922233581543,
    0.38430482149124146,
    0.3631373941898346,
    0.3747647702693939,
    0.3636694550514221,
    0.380279004573822,
    0.37193140387535095,
    0.3533875048160553,
    0.36132755875587463,
    0.36628687381744385,
    0.3389936685562134,
    0.3602352738380432,
    0.3588874936103821,
    0.34337112307548523,
    0.3860570192337036,
    0.35973769426345825,
    0.3637612462043762,
    0.3718337416648865,
    0.36212557554244995,
    0.3537338972091675,
    0.37265604734420776,
    0.3542402386665344,
    0.3610156774520874,
    0.3448440730571747,
    0.3484777808189392,
    0.36071643233299255,
    0.35279780626296997,
    0.34266018867492676,
    0.3681422173976898,
    0.3706579804420471,
    0.35080355405807495,
    0.3413013517856598,
    0.33054137229919434,
    0.3405871093273163,
    0.3672665059566498,
    0.3542507290840149,
    0.35467952489852905,
    0.34723809361457825,
    0.3672252595424652,
    0.3538620173931122,
    0.34216463565826416,
    0.3533170819282532,
    0.3590000867843628,
    0.35242563486099243,
    0.3620796799659729,
    0.35572487115859985,
    0.3347354233264923,
    0.3453753590583801,
    0.3817177414894104,
    0.37605175375938416,
    0.36883360147476196
  ],