{
  "loss": [
    0.7098647356033325,
    0.612214982509613,
    0.6406139135360718,
    0.6010608077049255,
    0.600234866142273,
    0.6026018261909485,
    0.5491061806678772,
    0.5533416867256165,
    0.5581940412521362,
    0.5966213941574097,
    0.5728017091751099,
    0.5096902847290039,
    0.562470555305481,
    0.5879915952682495,
    0.5500744581222534,
    0.5243471264839172,
    0.5764521360397339,
    0.48669371008872986,
    0.531377911567688,
    0.5785015225410461,
    0.60808265209198,
    0.545407772064209,
    0.5881909132003784,
    0.5335249900817871,
    0.570872962474823,
    0.5730810165405273,
    0.507041335105896,
    0.5429947972297668,
    0.5814694166183472,
    0.5549867749214172,
    0.515128493309021,
    0.4987470209598541,
    0.538420557975769,
    0.5858110189437866,
    0.5339232087135315,
    0.5643395185470581,
    0.5609211921691895,
    0.5007277727127075,
    0.5003206133842468,
    0.5352210998535156,
    0.5677269101142883,
    0.5109507441520691,
    0.49290546774864197,
    0.5163643956184387,
    0.5954166650772095,
    0.5964354872703552,
    0.5609652996063232,
    0.5485448241233826,
    0.526826024055481,
    0.5487838983535767,
    0.517987847328186,
    0.507112979888916,
    0.5459937453269958,
    0.5467296242713928,
    0.5061014294624329,
    0.5209634304046631,
    0.5100218057632446,
    0.5217381119728088,
    0.4874485433101654,
    0.5179911851882935,
    0.517783522605896,
    0.5236605405807495,
    0.5620890855789185,
    0.5222364664077759,
    0.5565418004989624,
    0.5005425810813904,
    0.5179807543754578,
    0.5669764280319214,
    0.5729930996894836,
    0.5005276203155518,
    0.5388094186782837,
    0.5579020380973816,
    0.6058803796768188,
    0.4998113512992859,
    0.5474485158920288,
    0.5478888750076294,
    0.5364820957183838,
    0.5030407309532166,
    0.5589577555656433,
    0.5399430990219116,
    0.5482308268547058,
    0.5524325370788574,
    0.5558352470397949,
    0.5514363050460815,
    0.504396915435791,
    0.5736411809921265,
    0.47807422280311584,
    0.48990964889526367,
    0.5000439286231995,
    0.5150703191757202,
    0.5043286085128784,
    0.5313904285430908,
    0.5387800335884094,
    0.4958270490169525,
    0.5250834822654724,
    0.534511923789978,
    0.5017248392105103,
    0.5895997285842896,
    0.5524178147315979,
    0.5256562232971191
  ],
  "accuracy": [
    0.640625,
    0.706250011920929,
    0.699999988079071,
    0.6875,
    0.7093750238418579,
    0.7250000238418579,
    0.765625,
    0.746874988079071,
    0.7437499761581421,
    0.715624988079071,
    0.7124999761581421,
    0.78125,
    0.737500011920929,
    0.71875,
    0.75,
    0.7406250238418579,
    0.7562500238418579,
    0.7718750238418579,
    0.768750011920929,
    0.7406250238418579,
    0.731249988079071,
    0.731249988079071,
    0.734375,
    0.7906249761581421,
    0.6875,
    0.731249988079071,
    0.762499988079071,
    0.75,
    0.7093750238418579,
    0.746874988079071,
    0.7593749761581421,
    0.7749999761581421,
    0.7593749761581421,
    0.7406250238418579,
    0.778124988079071,
    0.734375,
    0.746874988079071,
    0.784375011920929,
    0.793749988079071,
    0.762499988079071,
    0.715624988079071,
    0.7749999761581421,
    0.778124988079071,
    0.746874988079071,
    0.7124999761581421,
    0.71875,
    0.737500011920929,
    0.734375,
    0.7437499761581421,
    0.7281249761581421,
    0.784375011920929,
    0.7718750238418579,
    0.715624988079071,
    0.734375,
    0.768750011920929,
    0.768750011920929,
    0.78125,
    0.7593749761581421,
    0.78125,
    0.765625,
    0.784375011920929,
    0.7406250238418579,
    0.7593749761581421,
    0.7718750238418579,
    0.7281249761581421,
    0.762499988079071,
    0.762499988079071,
    0.71875,
    0.71875,
    0.768750011920929,
    0.753125011920929,
    0.7281249761581421,
    0.6812499761581421,
    0.7593749761581421,
    0.746874988079071,
    0.7406250238418579,
    0.768750011920929,
    0.7718750238418579,
    0.746874988079071,
    0.7562500238418579,
    0.737500011920929,
    0.7406250238418579,
    0.75,
    0.753125011920929,
    0.7906249761581421,
    0.703125,
    0.7906249761581421,
    0.768750011920929,
    0.765625,
    0.7718750238418579,
    0.78125,
    0.746874988079071,
    0.7406250238418579,
    0.7718750238418579,
    0.7718750238418579,
    0.7593749761581421,
    0.793749988079071,
    0.7093750238418579,
    0.734375,
    0.762499988079071
  ],
  "mean_absolute_error": [
    0.41714295744895935,
    0.36795496940612793,
    0.3788048028945923,
    0.3766055703163147,
    0.38570383191108704,
    0.3768288195133209,
    0.3526099920272827,
    0.3391474485397339,
    0.34164395928382874,
    0.35923781991004944,
    0.36224427819252014,
    0.33834874629974365,
    0.3524925708770752,
    0.368600070476532,
    0.36215147376060486,
    0.345816045999527,
    0.3524060547351837,
    0.3291277289390564,
    0.33573445677757263,
    0.3619207739830017,
    0.3705378472805023,
    0.35605674982070923,
    0.36598238348960876,
    0.3465590178966522,
    0.3737166225910187,
    0.36637964844703674,
    0.350559264421463,
    0.3526122570037842,
    0.3707534670829773,
    0.3609749376773834,
    0.34722885489463806,
    0.3349752724170685,
    0.35454505681991577,
    0.3675801753997803,
    0.3480570316314697,
    0.36738327145576477,
    0.3667769432067871,
    0.3422316014766693,
    0.3390862047672272,
    0.3511599898338318,
    0.36802783608436584,
    0.3442647457122803,
    0.3354502022266388,
    0.3423117697238922,
    0.37699949741363525,
    0.37569400668144226,
    0.3689005970954895,
    0.36317023634910583,
    0.35300344228744507,
    0.3679240047931671,
    0.34809648990631104,
    0.34404951333999634,
    0.3637278378009796,
    0.36411982774734497,
    0.3443984091281891,
    0.3491706848144531,
    0.3400189280509949,
    0.3458074629306793,
    0.32809796929359436,
    0.3442913889884949,
    0.33952900767326355,
    0.34182026982307434,
    0.35689103603363037,
    0.3445599675178528,
    0.36262062191963196,
    0.34312304854393005,
    0.3482005000114441,
    0.36607176065444946,
    0.3703436255455017,
    0.34068816900253296,
    0.3547077775001526,
    0.3623821437358856,
    0.3880036473274231,
    0.34394028782844543,
    0.36325979232788086,
    0.36286991834640503,
    0.3563666045665741,
    0.3449411392211914,
    0.36556553840637207,
    0.3568800389766693,
    0.365349143743515,
    0.3668515682220459,
    0.3680676221847534,
    0.3630935549736023,
    0.34383097290992737,
    0.37743085622787476,
    0.3339046835899353,
    0.3371530771255493,
    0.33905476331710815,
    0.3408206105232239,
    0.33634433150291443,
    0.3509630858898163,
    0.3508644700050354,
    0.3330751359462738,
    0.3437599837779999,
    0.35178276896476746,
    0.33832940459251404,
    0.37428462505340576,
    0.3601128160953522,
    0.3477685749530792
  ],