{
  "loss": [
    0.7459995150566101,
    0.6792658567428589,
    0.5298340320587158,
    0.6277589797973633,
    0.5637978911399841,
    0.6102756261825562,
    0.5955214500427246,
    0.5253225564956665,
    0.5736823081970215,
    0.5590171217918396,
    0.5340906977653503,
    0.6577032804489136,
    0.5028856992721558,
    0.5225225687026978,
    0.5399317145347595,
    0.548779308795929,
    0.4965817332267761,
    0.5577534437179565,
    0.5598492622375488,
    0.5712848901748657,
    0.5192907452583313,
    0.5245925188064575,
    0.5348953008651733,
    0.555038332939148,
    0.5816752314567566,
    0.5183916687965393,
    0.5278823375701904,
    0.5100243091583252,
    0.4905264973640442,
    0.5293323397636414,
    0.5557641983032227,
    0.5337927937507629,
    0.509529709815979,
    0.5252901315689087,
    0.5582665205001831,
    0.5195858478546143,
    0.5110707879066467,
    0.4907155930995941,
    0.5213586688041687,
    0.5649158358573914,
    0.6039861440658569,
    0.5536335706710815,
    0.5402733087539673,
    0.5412997007369995,
    0.5329832434654236,
    0.5160631537437439,
    0.5184645056724548,
    0.5141904354095459,
    0.4994949400424957,
    0.5246828198432922,
    0.5099198818206787,
    0.5556738972663879,
    0.5344860553741455,
    0.5070059895515442,
    0.5485017895698547,
    0.5077065229415894,
    0.5521467924118042,
    0.5643854141235352,
    0.5938804745674133,
    0.525981068611145,
    0.5644530057907104,
    0.5432190895080566,
    0.5185257792472839,
    0.5586355328559875,
    0.5141398906707764,
    0.5641211271286011,
    0.5402823090553284,
    0.5542237758636475,
    0.4707888066768646,
    0.512893557548523,
    0.5211735367774963,
    0.520319938659668,
    0.5664175152778625,
    0.5106656551361084,
    0.5396422147750854,
    0.5440875291824341,
    0.5269486308097839,
    0.49480876326560974,
    0.5546435117721558,
    0.5308807492256165,
    0.5034128427505493,
    0.5414518117904663,
    0.49540072679519653,
    0.5358577966690063,
    0.514824390411377,
    0.49366259574890137,
    0.5732946395874023,
    0.5539268255233765,
    0.5153362154960632,
    0.5076419115066528,
    0.5456637144088745,
    0.5353351831436157,
    0.5178961157798767,
    0.5467625856399536,
    0.4866705536842346,
    0.5393111705780029,
    0.5260784029960632,
    0.4790593981742859,
    0.48504137992858887,
    0.5240614414215088
  ],
  "accuracy": [
    0.6468750238418579,
    0.684374988079071,
    0.753125011920929,
    0.7281249761581421,
    0.737500011920929,
    0.731249988079071,
    0.71875,
    0.7593749761581421,
    0.75,
    0.746874988079071,
    0.734375,
    0.684374988079071,
    0.746874988079071,
    0.778124988079071,
    0.7593749761581421,
    0.7406250238418579,
    0.7749999761581421,
    0.734375,
    0.7406250238418579,
    0.7250000238418579,
    0.765625,
    0.78125,
    0.7562500238418579,
    0.731249988079071,
    0.6937500238418579,
    0.778124988079071,
    0.7906249761581421,
    0.768750011920929,
    0.78125,
    0.7406250238418579,
    0.762499988079071,
    0.7562500238418579,
    0.7593749761581421,
    0.768750011920929,
    0.734375,
    0.762499988079071,
    0.768750011920929,
    0.778124988079071,
    0.7718750238418579,
    0.75,
    0.715624988079071,
    0.746874988079071,
    0.7406250238418579,
    0.753125011920929,
    0.75,
    0.7593749761581421,
    0.7718750238418579,
    0.768750011920929,
    0.7593749761581421,
    0.731249988079071,
    0.7875000238418579,
    0.746874988079071,
    0.7593749761581421,
    0.78125,
    0.762499988079071,
    0.778124988079071,
    0.746874988079071,
    0.734375,
    0.7124999761581421,
    0.7562500238418579,
    0.731249988079071,
    0.731249988079071,
    0.7718750238418579,
    0.731249988079071,
    0.7593749761581421,
    0.731249988079071,
    0.737500011920929,
    0.75,
    0.784375011920929,
    0.7562500238418579,
    0.7406250238418579,
    0.7593749761581421,
    0.746874988079071,
    0.778124988079071,
    0.7718750238418579,
    0.731249988079071,
    0.7749999761581421,
    0.800000011920929,
    0.746874988079071,
    0.765625,
    0.765625,
    0.746874988079071,
    0.7875000238418579,
    0.762499988079071,
    0.778124988079071,
    0.75,
    0.7281249761581421,
    0.7250000238418579,
    0.765625,
    0.7749999761581421,
    0.731249988079071,
    0.734375,
    0.765625,
    0.7250000238418579,
    0.8062499761581421,
    0.7593749761581421,
    0.7437499761581421,
    0.793749988079071,
    0.78125,
    0.7437499761581421
  ],
  "mean_absolute_error": [
    0.42062464356422424,
    0.3796980679035187,
    0.3256199359893799,
    0.3548573851585388,
    0.3587101697921753,
    0.3823993504047394,
    0.36856338381767273,
    0.33830171823501587,
    0.34086981415748596,
    0.3543882369995117,
    0.35080486536026,
    0.3995664715766907,
    0.3445356488227844,
    0.337759792804718,
    0.3440967798233032,
    0.3452533185482025,
    0.33556467294692993,
    0.3549261689186096,
    0.3548579216003418,
    0.3675393760204315,
    0.33964741230010986,
    0.33703163266181946,
    0.3454419672489166,
    0.3564435839653015,
    0.3739662766456604,
    0.3506231904029846,
    0.3479153513908386,
    0.3335893750190735,
    0.33084744215011597,
    0.3470967411994934,
    0.3471758961677551,
    0.33515048027038574,
    0.3333863615989685,
    0.3384229242801666,
    0.3538314700126648,
    0.3343636095523834,
    0.33291760087013245,
    0.3308338522911072,
    0.3316529393196106,
    0.3463149666786194,
    0.38287943601608276,
    0.3673253059387207,
    0.3589549660682678,
    0.3564586937427521,
    0.3476850986480713,
    0.3441416621208191,
    0.3382164239883423,
    0.3381038308143616,
    0.3362939655780792,
    0.34314239025115967,
    0.3327406048774719,
    0.3469540774822235,
    0.3469603955745697,
    0.3353830575942993,
    0.3537507653236389,
    0.3405441641807556,
    0.35849982500076294,
    0.36788269877433777,
    0.3804686665534973,
    0.3531075119972229,
    0.356265127658844,
    0.35086148977279663,
    0.34817996621131897,
    0.3708951473236084,
    0.3548664450645447,
    0.3643469512462616,
    0.34971052408218384,
    0.3578583896160126,
    0.32839295268058777,
    0.33628690242767334,
    0.3369918763637543,
    0.33352822065353394,
    0.35681670904159546,
    0.3478361666202545,
    0.34570688009262085,
    0.3508923649787903,
    0.33764269948005676,
    0.32857856154441833,
    0.35162022709846497,
    0.34727373719215393,
    0.33656901121139526,
    0.3492962718009949,
    0.32520371675491333,
    0.34350091218948364,
    0.3292350471019745,
    0.3318985104560852,
    0.3582361340522766,
    0.3615872263908386,
    0.34330180287361145,
    0.34087151288986206,
    0.35477590560913086,
    0.3536401391029358,
    0.33550968766212463,
    0.34969183802604675,
    0.3204180598258972,
    0.34977880120277405,
    0.342907190322876,
    0.328003853559494,
    0.3173448443412781,
    0.33308032155036926
  ],