{
  "loss": [
    0.8522605895996094,
    0.6873142123222351,
    0.5909920930862427,
    0.5564349889755249,
    0.5787681937217712,
    0.5292088389396667,
    0.5537724494934082,
    0.5976234674453735,
    0.5305160284042358,
    0.5193289518356323
  ],
  "accuracy": [
    0.5218750238418579,
    0.653124988079071,
    0.7406250238418579,
    0.746874988079071,
    0.71875,
    0.75,
    0.762499988079071,
    0.7093750238418579,
    0.765625,
    0.753125011920929
  ],
  "mean_absolute_error": [
    0.4972556233406067,
    0.4263536334037781,
    0.39133715629577637,
    0.37551748752593994,
    0.3874564468860626,
    0.3654889464378357,
    0.3591732978820801,
    0.3787704110145569,
    0.35258203744888306,
    0.3523326516151428
  ],
  "val_loss": [
    0.9071923494338989,
    1.389061689376831,
    1.4923657178878784,
    1.1868942975997925,
    1.1946545839309692,
    1.2604128122329712,
    1.6709575653076172,
    1.73026704788208,
    1.6829758882522583,
    1.8665916919708252
  ],
  "val_accuracy": [
    0.4998842775821686,
    0.49976858496665955,
    0.4996528625488281,
    0.4996528625488281,
    0.4996528625488281,
    0.4996528625488281,
    0.4995371401309967,
    0.4994214177131653,
    0.49930572509765625,
    0.4994214177131653
  ],
  "val_mean_absolute_error": [
    0.4832574129104614,
    0.48770517110824585,
    0.4878496825695038,
    0.47574159502983093,
    0.4736216962337494,
    0.4736851155757904,
    0.48333820700645447,
    0.4829694330692291,
    0.48015379905700684,
    0.48428788781166077
  ],
  "lr": [
    