{
  "loss": [
    0.8232863545417786,
    0.7116149663925171,
    0.614719569683075,
    0.5843732953071594,
    0.5257176160812378,
    0.5841995477676392,
    0.5187071561813354,
    0.5706021785736084,
    0.5267766714096069,
    0.5543575286865234,
    0.5805241465568542,
    0.5253652334213257,
    0.5454345941543579,
    0.5489262938499451,
    0.5348602533340454,
    0.5261173844337463,
    0.5729666948318481,
    0.5626062154769897,
    0.5164965391159058,
    0.543648898601532,
    0.5330909490585327,
    0.5165337324142456,
    0.4942115843296051,
    0.5612132549285889,
    0.4608899652957916,
    0.5687836408615112,
    0.5312994122505188,
    0.5634497404098511,
    0.5474816560745239,
    0.5175973176956177,
    0.5264973640441895,
    0.5212163925170898,
    0.5492194294929504,
    0.5349249243736267,
    0.5264460444450378,
    0.5453565716743469,
    0.5491743683815002,
    0.5140042901039124,
    0.507546603679657,
    0.5517750978469849,
    0.5335744619369507,
    0.5635433197021484,
    0.5553251504898071,
    0.532773494720459,
    0.5681408643722534,
    0.5544400215148926,
    0.5154081583023071,
    0.5125473737716675,
    0.5440675020217896,
    0.5111170411109924,
    0.4523870348930359,
    0.49430543184280396,
    0.5721102952957153,
    0.49391239881515503,
    0.525839626789093,
    0.5359545350074768,
    0.5381247401237488,
    0.4951630234718323,
    0.5189703106880188,
    0.5407450795173645,
    0.5013762712478638,
    0.45901328325271606,
    0.5546395182609558,
    0.5968434810638428,
    0.514994740486145,
    0.5497460961341858,
    0.5184001326560974,
    0.49442070722579956,
    0.5405265092849731,
    0.46666663885116577,
    0.5311135053634644,
    0.5156582593917847,
    0.5062509179115295,
    0.5374492406845093,
    0.5001093149185181,
    0.5352426767349243,
    0.5134788751602173,
    0.5842165946960449,
    0.48971349000930786,
    0.46902865171432495,
    0.49596983194351196,
    0.48911046981811523,
    0.5672243237495422,
    0.548767626285553,
    0.5720752477645874,
    0.5261174440383911,
    0.5198076963424683,
    0.5265020728111267,
    0.5065175890922546,
    0.5073838233947754,
    0.5083649754524231,
    0.45721134543418884,
    0.5095443725585938,
    0.5695696473121643,
    0.511111855506897,
    0.5110675096511841,
    0.5112184882164001,
    0.5280617475509644,
    0.5576590895652771,
    0.5611400008201599
  ],
  "accuracy": [
    0.6343749761581421,
    0.6187499761581421,
    0.684374988079071,
    0.7406250238418579,
    0.7406250238418579,
    0.71875,
    0.78125,
    0.7437499761581421,
    0.7593749761581421,
    0.71875,
    0.71875,
    0.75,
    0.762499988079071,
    0.75,
    0.768750011920929,
    0.7749999761581421,
    0.6968749761581421,
    0.737500011920929,
    0.753125011920929,
    0.7562500238418579,
    0.7437499761581421,
    0.762499988079071,
    0.768750011920929,
    0.7250000238418579,
    0.793749988079071,
    0.721875011920929,
    0.7718750238418579,
    0.7093750238418579,
    0.75,
    0.796875,
    0.753125011920929,
    0.7593749761581421,
    0.7437499761581421,
    0.746874988079071,
    0.7718750238418579,
    0.746874988079071,
    0.7437499761581421,
    0.762499988079071,
    0.7562500238418579,
    0.7406250238418579,
    0.746874988079071,
    0.7250000238418579,
    0.737500011920929,
    0.7562500238418579,
    0.7281249761581421,
    0.7437499761581421,
    0.778124988079071,
    0.778124988079071,
    0.7437499761581421,
    0.7718750238418579,
    0.824999988079071,
    0.762499988079071,
    0.721875011920929,
    0.7749999761581421,
    0.7593749761581421,
    0.75,
    0.75,
    0.7906249761581421,
    0.7593749761581421,
    0.7437499761581421,
    0.78125,
    0.796875,
    0.737500011920929,
    0.6968749761581421,
    0.7437499761581421,
    0.731249988079071,
    0.762499988079071,
    0.778124988079071,
    0.746874988079071,
    0.8062499761581421,
    0.753125011920929,
    0.765625,
    0.7562500238418579,
    0.7406250238418579,
    0.778124988079071,
    0.746874988079071,
    0.7718750238418579,
    0.71875,
    0.796875,
    0.800000011920929,
    0.7906249761581421,
    0.7718750238418579,
    0.734375,
    0.753125011920929,
    0.71875,
    0.765625,
    0.765625,
    0.7281249761581421,
    0.768750011920929,
    0.762499988079071,
    0.7906249761581421,
    0.800000011920929,
    0.7875000238418579,
    0.7437499761581421,
    0.768750011920929,
    0.7718750238418579,
    0.7593749761581421,
    0.762499988079071,
    0.7562500238418579,
    0.731249988079071
  ],
  "mean_absolute_error": [
    0.3851197361946106,
    0.41793909668922424,
    0.38745683431625366,
    0.3693004846572876,
    0.3458387553691864,
    0.362263023853302,
    0.3437138497829437,
    0.36634930968284607,
    0.345154345035553,
    0.3550204932689667,
    0.3642932176589966,
    0.3463725447654724,
    0.3558904528617859,
    0.36422497034072876,
    0.3518294095993042,
    0.3504238724708557,
    0.3737207353115082,
    0.3696214556694031,
    0.3571907877922058,
    0.35952603816986084,
    0.3503137230873108,
    0.3408980667591095,
    0.34204667806625366,
    0.3650510907173157,
    0.3211835026741028,
    0.3629273772239685,
    0.3488736152648926,
    0.3633699119091034,
    0.3490982949733734,
    0.33845457434654236,
    0.35087186098098755,
    0.3426111340522766,
    0.35539722442626953,
    0.3500205874443054,
    0.34194216132164,
    0.3573855757713318,
    0.3581467270851135,
    0.343545138835907,
    0.34145182371139526,
    0.3586278557777405,
    0.34661421179771423,
    0.36757102608680725,
    0.35892254114151,
    0.35949811339378357,
    0.37707728147506714,
    0.365840345621109,
    0.35192734003067017,
    0.34576016664505005,
    0.3610723912715912,
    0.3424561619758606,
    0.3167189061641693,
    0.332795649766922,
    0.3601565361022949,
    0.3324124217033386,
    0.3457616865634918,
    0.3464096486568451,
    0.3484935164451599,
    0.32781562209129333,
    0.33845600485801697,
    0.3456752896308899,
    0.3315308690071106,
    0.3121357560157776,
    0.3484622836112976,
    0.3733210265636444,
    0.34659430384635925,
    0.3568980097770691,
    0.34551817178726196,
    0.33726948499679565,
    0.3521497845649719,
    0.31384384632110596,
    0.33907240629196167,
    0.33653712272644043,
    0.33249232172966003,
    0.3420477509498596,
    0.3276364207267761,
    0.3466316759586334,
    0.33941972255706787,
    0.3698412775993347,
    0.33296284079551697,
    0.32112064957618713,
    0.32583409547805786,
    0.33044713735580444,
    0.3564656376838684,
    0.3436923921108246,
    0.3649120032787323,
    0.34805506467819214,
    0.34539443254470825,
    0.3512691259384155,
    0.3412781059741974,
    0.3346305191516876,
    0.33442559838294983,
    0.31442001461982727,
    0.3232644498348236,
    0.3540985882282257,
    0.33126547932624817,
    0.3323928117752075,
    0.33031243085861206,
    0.33441492915153503,
    0.35080134868621826,
    0.35703229904174805
  ],