{
  "loss": [
    0.8218072652816772,
    0.6800845861434937,
    0.6030596494674683,
    0.6538688540458679,
    0.5820842981338501,
    0.574036717414856,
    0.5525895357131958,
    0.6100964546203613,
    0.5764970779418945,
    0.48898881673812866,
    0.5210350155830383,
    0.5254155397415161,
    0.5424184203147888,
    0.6060148477554321,
    0.5080435276031494,
    0.49449247121810913,
    0.5794596672058105,
    0.5476477742195129,
    0.5172865390777588,
    0.5298113822937012,
    0.5127705335617065,
    0.5497210025787354,
    0.4913092255592346,
    0.607715904712677,
    0.5588439702987671,
    0.5353533029556274,
    0.5654281973838806,
    0.5557848811149597,
    0.5039660334587097,
    0.5542547702789307,
    0.5225223302841187,
    0.49325594305992126,
    0.5555349588394165,
    0.49909156560897827,
    0.5564741492271423,
    0.5495945811271667,
    0.5178715586662292,
    0.5285159349441528,
    0.5731700658798218,
    0.5297476649284363,
    0.4920881390571594,
    0.5422942042350769,
    0.535852313041687,
    0.5191499590873718,
    0.5280589461326599,
    0.4997950494289398,
    0.5250893831253052,
    0.5256808996200562,
    0.5497877597808838,
    0.5215370059013367,
    0.5563942193984985,
    0.5082114934921265,
    0.4963732361793518,
    0.5082284212112427,
    0.5115500092506409,
    0.5253371000289917,
    0.5491601824760437,
    0.5748864412307739,
    0.5544137954711914,
    0.5375508069992065,
    0.5026395916938782,
    0.4739154875278473,
    0.4855198860168457,
    0.508882462978363,
    0.49331599473953247,
    0.5180451273918152,
    0.5752758383750916,
    0.49886322021484375,
    0.5430859327316284,
    0.5368157625198364,
    0.46037131547927856,
    0.5148929357528687,
    0.5118401050567627,
    0.48556089401245117,
    0.46897396445274353,
    0.5202343463897705,
    0.47636833786964417,
    0.5117517709732056,
    0.530754804611206,
    0.5056966543197632,
    0.5409632325172424,
    0.5230700969696045,
    0.4746975004673004,
    0.5228661298751831,
    0.558885931968689,
    0.5500046014785767,
    0.5289050340652466,
    0.5295910239219666,
    0.5019129514694214,
    0.4924049377441406,
    0.5442762970924377,
    0.5280844569206238,
    0.49716219305992126,
    0.5076575875282288,
    0.5266472101211548,
    0.4642468988895416,
    0.5184715986251831,
    0.575420081615448,
    0.47955912351608276,
    0.5589978694915771
  ],
  "accuracy": [
    0.690625011920929,
    0.7124999761581421,
    0.699999988079071,
    0.715624988079071,
    0.731249988079071,
    0.731249988079071,
    0.7250000238418579,
    0.7250000238418579,
    0.746874988079071,
    0.800000011920929,
    0.7437499761581421,
    0.7562500238418579,
    0.753125011920929,
    0.7093750238418579,
    0.7749999761581421,
    0.796875,
    0.731249988079071,
    0.7437499761581421,
    0.75,
    0.7437499761581421,
    0.7718750238418579,
    0.746874988079071,
    0.7593749761581421,
    0.71875,
    0.7406250238418579,
    0.7749999761581421,
    0.7562500238418579,
    0.737500011920929,
    0.78125,
    0.7562500238418579,
    0.75,
    0.768750011920929,
    0.734375,
    0.7906249761581421,
    0.7250000238418579,
    0.734375,
    0.784375011920929,
    0.7562500238418579,
    0.731249988079071,
    0.762499988079071,
    0.78125,
    0.75,
    0.7718750238418579,
    0.778124988079071,
    0.7562500238418579,
    0.778124988079071,
    0.7437499761581421,
    0.768750011920929,
    0.731249988079071,
    0.7406250238418579,
    0.7406250238418579,
    0.796875,
    0.78125,
    0.7406250238418579,
    0.765625,
    0.778124988079071,
    0.7406250238418579,
    0.7437499761581421,
    0.75,
    0.746874988079071,
    0.7562500238418579,
    0.7906249761581421,
    0.778124988079071,
    0.762499988079071,
    0.7718750238418579,
    0.7718750238418579,
    0.7281249761581421,
    0.762499988079071,
    0.7406250238418579,
    0.731249988079071,
    0.8187500238418579,
    0.762499988079071,
    0.768750011920929,
    0.7875000238418579,
    0.8125,
    0.768750011920929,
    0.7906249761581421,
    0.7875000238418579,
    0.753125011920929,
    0.7718750238418579,
    0.746874988079071,
    0.746874988079071,
    0.778124988079071,
    0.762499988079071,
    0.753125011920929,
    0.734375,
    0.731249988079071,
    0.7562500238418579,
    0.75,
    0.7718750238418579,
    0.75,
    0.765625,
    0.762499988079071,
    0.7718750238418579,
    0.746874988079071,
    0.809374988079071,
    0.7562500238418579,
    0.737500011920929,
    0.793749988079071,
    0.7281249761581421
  ],
  "mean_absolute_error": [
    0.3482188880443573,
    0.3425596356391907,
    0.33688971400260925,
    0.35434871912002563,
    0.33143776655197144,
    0.32927870750427246,
    0.32719022035598755,
    0.3423481285572052,
    0.3386405408382416,
    0.31626027822494507,
    0.3299349844455719,
    0.32799726724624634,
    0.3331522047519684,
    0.3585723638534546,
    0.3226906359195709,
    0.3046605587005615,
    0.3392426371574402,
    0.33719879388809204,
    0.3303711414337158,
    0.34166982769966125,
    0.33846014738082886,
    0.34202927350997925,
    0.3133455514907837,
    0.3647366166114807,
    0.3611088693141937,
    0.34056586027145386,
    0.3505134880542755,
    0.34980663657188416,
    0.3308728337287903,
    0.3410140872001648,
    0.33622944355010986,
    0.325550377368927,
    0.3367610573768616,
    0.319326251745224,
    0.351718544960022,
    0.35137835144996643,
    0.3358632028102875,
    0.3372719883918762,
    0.35722440481185913,
    0.344500869512558,
    0.3274117410182953,
    0.34360039234161377,
    0.3381062150001526,
    0.33351969718933105,
    0.3381611406803131,
    0.3223913311958313,
    0.3420575261116028,
    0.33897751569747925,
    0.35668930411338806,
    0.3454297184944153,
    0.35528168082237244,
    0.33596688508987427,
    0.33098649978637695,
    0.3357912003993988,
    0.3309285044670105,
    0.33304840326309204,
    0.3516482412815094,
    0.3521956205368042,
    0.3556514382362366,
    0.3508636951446533,
    0.3417172133922577,
    0.3248039186000824,
    0.3293968737125397,
    0.3310352563858032,
    0.32778388261795044,
    0.33292078971862793,
    0.35093921422958374,
    0.3292312026023865,
    0.3518869876861572,
    0.3534967005252838,
    0.31747967004776,
    0.3408241868019104,
    0.3353426158428192,
    0.323806494474411,
    0.31593433022499084,
    0.33597496151924133,
    0.31113213300704956,
    0.32878389954566956,
    0.33706173300743103,
    0.3308085799217224,
    0.34759846329689026,
    0.33906102180480957,
    0.31795820593833923,
    0.33018314838409424,
    0.3426147401332855,
    0.3487369120121002,
    0.3450036942958832,
    0.33711373805999756,
    0.3330046534538269,
    0.32465237379074097,
    0.3465939164161682,
    0.3401201665401459,
    0.3280532956123352,
    0.33327049016952515,
    0.3409835696220398,
    0.31116756796836853,
    0.33319416642189026,
    0.35215550661087036,
    0.32637912034988403,
    0.3570869565010071
  ],