{
  "loss": [
    0.812360405921936,
    0.7118557095527649,
    0.6409124732017517,
    0.7182580232620239,
    0.6657330393791199,
    0.6207118034362793,
    0.6032449007034302,
    0.5953789353370667,
    0.5814492702484131,
    0.5755609273910522,
    0.575066328048706,
    0.5690475106239319,
    0.5703928470611572,
    0.5272886753082275,
    0.5483847856521606,
    0.5294504165649414,
    0.5607631802558899,
    0.5776474475860596,
    0.6038017272949219,
    0.606878936290741,
    0.6255934238433838,
    0.5809300541877747,
    0.5252398252487183,
    0.5734571218490601,
    0.5267550349235535,
    0.6092771291732788,
    0.5271838903427124,
    0.5314774513244629,
    0.5238878726959229,
    0.48891258239746094,
    0.5272354483604431,
    0.504966139793396,
    0.5630870461463928,
    0.6080401539802551,
    0.552214503288269,
    0.5718393325805664,
    0.5498839616775513,
    0.54167640209198,
    0.5861673951148987,
    0.5700434446334839,
    0.5480772852897644,
    0.5674596428871155,
    0.5158829689025879,
    0.554870069026947,
    0.49487465620040894,
    0.5673978924751282,
    0.532252311706543,
    0.5086487531661987,
    0.5543181896209717,
    0.4853259027004242,
    0.5213784575462341,
    0.5472400784492493,
    0.5129358768463135,
    0.53342604637146,
    0.5634400248527527,
    0.5669610500335693,
    0.5602262616157532,
    0.551776111125946,
    0.5334774255752563,
    0.5516968965530396,
    0.4945334494113922,
    0.4713931083679199,
    0.5609256029129028,
    0.5677083730697632,
    0.5342954397201538,
    0.5654913783073425,
    0.5232430100440979,
    0.5117530226707458,
    0.5658968687057495,
    0.5289326906204224,
    0.5293253064155579,
    0.5198699831962585,
    0.540324330329895,
    0.56279456615448,
    0.5480912327766418,
    0.5181114077568054,
    0.5456868410110474,
    0.5757700204849243,
    0.5249629616737366,
    0.5290753245353699,
    0.5481188893318176,
    0.5555911064147949,
    0.5501817464828491,
    0.5141626000404358,
    0.5592060089111328,
    0.49533358216285706,
    0.5621808767318726,
    0.5150001645088196,
    0.5455588102340698,
    0.5518680214881897,
    0.48232215642929077,
    0.5358353853225708,
    0.5286926627159119,
    0.5392768979072571,
    0.5224062204360962,
    0.48631152510643005,
    0.5389135479927063,
    0.5890323519706726,
    0.5219926834106445,
    0.4759911596775055
  ],
  "accuracy": [
    0.578125,
    0.684374988079071,
    0.731249988079071,
    0.6656249761581421,
    0.675000011920929,
    0.715624988079071,
    0.703125,
    0.7093750238418579,
    0.71875,
    0.746874988079071,
    0.715624988079071,
    0.71875,
    0.7406250238418579,
    0.768750011920929,
    0.7562500238418579,
    0.753125011920929,
    0.762499988079071,
    0.762499988079071,
    0.721875011920929,
    0.721875011920929,
    0.6781250238418579,
    0.7593749761581421,
    0.7562500238418579,
    0.731249988079071,
    0.7875000238418579,
    0.703125,
    0.765625,
    0.746874988079071,
    0.753125011920929,
    0.78125,
    0.746874988079071,
    0.778124988079071,
    0.734375,
    0.731249988079071,
    0.75,
    0.7281249761581421,
    0.746874988079071,
    0.7437499761581421,
    0.71875,
    0.737500011920929,
    0.721875011920929,
    0.746874988079071,
    0.7562500238418579,
    0.734375,
    0.7906249761581421,
    0.753125011920929,
    0.7749999761581421,
    0.768750011920929,
    0.71875,
    0.7906249761581421,
    0.7437499761581421,
    0.734375,
    0.7562500238418579,
    0.7406250238418579,
    0.75,
    0.731249988079071,
    0.7250000238418579,
    0.715624988079071,
    0.765625,
    0.731249988079071,
    0.7562500238418579,
    0.8062499761581421,
    0.7562500238418579,
    0.731249988079071,
    0.7593749761581421,
    0.731249988079071,
    0.7749999761581421,
    0.765625,
    0.737500011920929,
    0.762499988079071,
    0.765625,
    0.768750011920929,
    0.7562500238418579,
    0.734375,
    0.7562500238418579,
    0.7749999761581421,
    0.768750011920929,
    0.71875,
    0.7718750238418579,
    0.762499988079071,
    0.7437499761581421,
    0.71875,
    0.71875,
    0.7593749761581421,
    0.75,
    0.7593749761581421,
    0.746874988079071,
    0.7593749761581421,
    0.768750011920929,
    0.746874988079071,
    0.8031250238418579,
    0.768750011920929,
    0.762499988079071,
    0.7406250238418579,
    0.75,
    0.7875000238418579,
    0.753125011920929,
    0.7250000238418579,
    0.765625,
    0.7875000238418579
  ],
  "mean_absolute_error": [
    0.44361528754234314,
    0.393776535987854,
    0.36068955063819885,
    0.40661001205444336,
    0.4016930162906647,
    0.3951989412307739,
    0.38560226559638977,
    0.3760719895362854,
    0.3717648983001709,
    0.3631556034088135,
    0.36070507764816284,
    0.360740602016449,
    0.3609244227409363,
    0.351955771446228,
    0.35739248991012573,
    0.34787917137145996,
    0.3578041195869446,
    0.36175018548965454,
    0.37299054861068726,
    0.3809817135334015,
    0.3897631764411926,
    0.37299782037734985,
    0.3562978506088257,
    0.37171024084091187,
    0.350668340921402,
    0.3772425353527069,
    0.35616880655288696,
    0.3498362898826599,
    0.3490869402885437,
    0.3272012770175934,
    0.33758625388145447,
    0.33168429136276245,
    0.3543587327003479,
    0.3689703345298767,
    0.3538726270198822,
    0.36727821826934814,
    0.35686609148979187,
    0.3559477925300598,
    0.3736100196838379,
    0.36742261052131653,
    0.3626585006713867,
    0.37120190262794495,
    0.34830135107040405,
    0.36564892530441284,
    0.33460837602615356,
    0.3645404577255249,
    0.3506374955177307,
    0.3379744291305542,
    0.3612409234046936,
    0.32461607456207275,
    0.34099316596984863,
    0.35048484802246094,
    0.33820396661758423,
    0.34973588585853577,
    0.3577917218208313,
    0.36279699206352234,
    0.36143264174461365,
    0.3597150444984436,
    0.34961968660354614,
    0.3613826632499695,
    0.3403923809528351,
    0.32335442304611206,
    0.3436177670955658,
    0.35584691166877747,
    0.3520612120628357,
    0.3617019057273865,
    0.34558597207069397,
    0.3447567820549011,
    0.36111798882484436,
    0.3432740569114685,
    0.3502669930458069,
    0.34543678164482117,
    0.35758498311042786,
    0.36260294914245605,
    0.35631656646728516,
    0.34654924273490906,
    0.3547223210334778,
    0.369509220123291,
    0.3519804775714874,
    0.3530418574810028,
    0.35850945115089417,
    0.36225205659866333,
    0.35978803038597107,
    0.3424924314022064,
    0.36354538798332214,
    0.3434138298034668,
    0.36084210872650146,
    0.34727638959884644,
    0.3549209237098694,
    0.3602556884288788,
    0.32984402775764465,
    0.3491519093513489,
    0.3491359353065491,
    0.35310861468315125,
    0.34500449895858765,
    0.33299699425697327,
    0.3500421643257141,
    0.375070720911026,
    0.34284156560897827,
    0.3277466595172882
  ],