{
  "loss": [
    0.6867455244064331,
    0.6497136950492859,
    0.5524464845657349,
    0.5174456238746643,
    0.6552103161811829,
    0.4929870069026947,
    0.5447764992713928,
    0.5201218724250793,
    0.5031254887580872,
    0.4933212697505951,
    0.5801749229431152,
    0.566349983215332,
    0.5350243449211121,
    0.5828856229782104,
    0.5190633535385132,
    0.5003218650817871,
    0.5060789585113525,
    0.5508731603622437,
    0.49676942825317383,
    0.570523738861084,
    0.5798157453536987,
    0.5003581643104553,
    0.5526363253593445,
    0.502196729183197,
    0.531818687915802,
    0.470681369304657,
    0.5163658857345581,
    0.5060808062553406,
    0.5589939951896667,
    0.5308365225791931,
    0.4990677237510681,
    0.5208560228347778,
    0.5129270553588867,
    0.48030751943588257,
    0.4609030783176422,
    0.4992787837982178,
    0.4473634660243988,
    0.4644053876399994,
    0.49650827050209045,
    0.4956783354282379,
    0.446605384349823,
    0.4934145510196686,
    0.5540158152580261,
    0.5163746476173401,
    0.5335706472396851,
    0.5319715738296509,
    0.5270945429801941,
    0.5768038034439087,
    0.5424515008926392,
    0.44705453515052795,
    0.4769969582557678,
    0.5179958343505859,
    0.49493536353111267,
    0.4905012249946594,
    0.5112091898918152,
    0.5241824388504028,
    0.4896978735923767,
    0.5137167572975159,
    0.513317883014679,
    0.4819107949733734,
    0.47919702529907227,
    0.5500772595405579,
    0.4489400386810303,
    0.48621124029159546,
    0.4598471224308014,
    0.47758984565734863,
    0.48972564935684204,
    0.485739141702652,
    0.4712691307067871,
    0.5135046243667603,
    0.49604424834251404,
    0.4327107071876526,
    0.4988216459751129,
    0.4420384466648102,
    0.48597270250320435,
    0.48956456780433655,
    0.5647395849227905,
    0.4754106104373932,
    0.46988028287887573,
    0.46928009390830994,
    0.5059926509857178,
    0.4320070147514343,
    0.4337643086910248,
    0.484367311000824,
    0.4655802845954895,
    0.48615914583206177,
    0.4653329849243164,
    0.43434247374534607,
    0.4912905693054199,
    0.5432442426681519,
    0.5645006895065308,
    0.5740360617637634,
    0.5401309728622437,
    0.5641978979110718,
    0.48565587401390076,
    0.5402659177780151,
    0.4415304660797119,
    0.47308221459388733,
    0.47311416268348694,
    0.5081400275230408
  ],
  "accuracy": [
    0.737500011920929,
    0.746874988079071,
    0.746874988079071,
    0.793749988079071,
    0.7093750238418579,
    0.7749999761581421,
    0.7749999761581421,
    0.796875,
    0.778124988079071,
    0.793749988079071,
    0.7562500238418579,
    0.7406250238418579,
    0.753125011920929,
    0.7437499761581421,
    0.7906249761581421,
    0.7875000238418579,
    0.78125,
    0.778124988079071,
    0.78125,
    0.731249988079071,
    0.7406250238418579,
    0.793749988079071,
    0.734375,
    0.7562500238418579,
    0.768750011920929,
    0.78125,
    0.7562500238418579,
    0.768750011920929,
    0.734375,
    0.765625,
    0.7875000238418579,
    0.78125,
    0.78125,
    0.793749988079071,
    0.809374988079071,
    0.7718750238418579,
    0.8031250238418579,
    0.7875000238418579,
    0.7749999761581421,
    0.7749999761581421,
    0.824999988079071,
    0.7749999761581421,
    0.746874988079071,
    0.7749999761581421,
    0.7749999761581421,
    0.746874988079071,
    0.737500011920929,
    0.71875,
    0.762499988079071,
    0.8218749761581421,
    0.778124988079071,
    0.7562500238418579,
    0.753125011920929,
    0.78125,
    0.7593749761581421,
    0.75,
    0.784375011920929,
    0.765625,
    0.746874988079071,
    0.7593749761581421,
    0.7906249761581421,
    0.734375,
    0.7875000238418579,
    0.793749988079071,
    0.778124988079071,
    0.784375011920929,
    0.7906249761581421,
    0.7875000238418579,
    0.778124988079071,
    0.7718750238418579,
    0.765625,
    0.8218749761581421,
    0.768750011920929,
    0.800000011920929,
    0.78125,
    0.784375011920929,
    0.734375,
    0.796875,
    0.809374988079071,
    0.8062499761581421,
    0.768750011920929,
    0.824999988079071,
    0.809374988079071,
    0.8062499761581421,
    0.809374988079071,
    0.784375011920929,
    0.7875000238418579,
    0.8125,
    0.793749988079071,
    0.75,
    0.75,
    0.731249988079071,
    0.7562500238418579,
    0.7437499761581421,
    0.7749999761581421,
    0.746874988079071,
    0.784375011920929,
    0.800000011920929,
    0.7906249761581421,
    0.793749988079071
  ],
  "mean_absolute_error": [
    0.31124067306518555,
    0.31757548451423645,
    0.29858148097991943,
    0.27104514837265015,
    0.3453534245491028,
    0.29381269216537476,
    0.30065178871154785,
    0.2991945147514343,
    0.3057153820991516,
    0.2934691607952118,
    0.3225248157978058,
    0.3258574903011322,
    0.31404560804367065,
    0.33782681822776794,
    0.3020813465118408,
    0.3015361726284027,
    0.2966228127479553,
    0.31245923042297363,
    0.31228896975517273,
    0.32966405153274536,
    0.3333236575126648,
    0.3167509436607361,
    0.3351482152938843,
    0.3233049213886261,
    0.3266277313232422,
    0.3028365969657898,
    0.31759849190711975,
    0.31851106882095337,
    0.3514600098133087,
    0.3325667381286621,
    0.31347671151161194,
    0.3263491988182068,
    0.32167452573776245,
    0.30080392956733704,
    0.2874950170516968,
    0.3003506362438202,
    0.28759127855300903,
    0.30150505900382996,
    0.30219581723213196,
    0.3064229488372803,
    0.28452587127685547,
    0.30313578248023987,
    0.3345779776573181,
    0.31509894132614136,
    0.32599955797195435,
    0.3309362530708313,
    0.3386034369468689,
    0.34897297620773315,
    0.331534206867218,
    0.29184335470199585,
    0.30413979291915894,
    0.32055559754371643,
    0.30647534132003784,
    0.3096616268157959,
    0.316538006067276,
    0.3322414755821228,
    0.3094312250614166,
    0.32167473435401917,
    0.3206177353858948,
    0.30680137872695923,
    0.3060573935508728,
    0.32994192838668823,
    0.2944086194038391,
    0.30451351404190063,
    0.30252981185913086,
    0.2973875403404236,
    0.3154658377170563,
    0.30609992146492004,
    0.30102020502090454,
    0.31630051136016846,
    0.31059393286705017,
    0.28064194321632385,
    0.3106662631034851,
    0.2916836738586426,
    0.30475282669067383,
    0.3023305833339691,
    0.3359147012233734,
    0.306182324886322,
    0.29462990164756775,
    0.29769375920295715,
    0.3109142780303955,
    0.2772506773471832,
    0.2836816608905792,
    0.3055507242679596,
    0.29725381731987,
    0.30299267172813416,
    0.29553326964378357,
    0.28434282541275024,
    0.30205008387565613,
    0.32528242468833923,
    0.3305057883262634,
    0.34200114011764526,
    0.3274432122707367,
    0.3303753733634949,
    0.3067605495452881,
    0.32873043417930603,
    0.29665976762771606,
    0.29903578758239746,
    0.30236440896987915,
    0.30870145559310913
  ],