{
  "loss": [
    0.7965021133422852,
    0.6095550656318665,
    0.6528668999671936,
    0.4821719229221344,
    0.5277081727981567,
    0.5564075708389282,
    0.5412366986274719,
    0.5149561166763306,
    0.46493974328041077,
    0.5768839120864868,
    0.510033905506134,
    0.45872631669044495,
    0.5872194766998291,
    0.45183902978897095,
    0.5731868743896484,
    0.4848215579986572,
    0.5376663208007812,
    0.5088814496994019,
    0.49763864278793335,
    0.43968281149864197,
    0.566964328289032,
    0.5326849222183228,
    0.5150769948959351,
    0.4722357392311096,
    0.5291801691055298,
    0.5056785345077515,
    0.48909109830856323,
    0.5198565721511841,
    0.538437008857727,
    0.5645805597305298,
    0.4928213953971863,
    0.4703120291233063,
    0.4766126573085785,
    0.4945579469203949,
    0.5380483269691467,
    0.5073304772377014,
    0.42227840423583984,
    0.5158411860466003,
    0.48473110795021057,
    0.49145397543907166,
    0.4990230202674866,
    0.4288772642612457,
    0.5063499808311462,
    0.5111942887306213,
    0.44238510727882385,
    0.49802976846694946,
    0.506341814994812,
    0.48617491126060486,
    0.4405255913734436,
    0.5262427926063538,
    0.47145089507102966,
    0.48427867889404297,
    0.4756239354610443,
    0.5284855365753174,
    0.4875057637691498,
    0.4882566034793854,
    0.5407627820968628,
    0.5112963914871216,
    0.4849339425563812,
    0.5873440504074097,
    0.4540792405605316,
    0.5142976641654968,
    0.5015469789505005,
    0.49825039505958557,
    0.46540459990501404,
    0.4877347946166992,
    0.545756459236145,
    0.4718431532382965,
    0.4923049807548523,
    0.5498413443565369,
    0.5123597383499146,
    0.4724668860435486,
    0.5543810725212097,
    0.4712413251399994,
    0.5328256487846375,
    0.492028146982193,
    0.5008586049079895,
    0.49195733666419983,
    0.5253192186355591,
    0.4693633019924164,
    0.5460992455482483,
    0.47996821999549866,
    0.5359599590301514,
    0.4687637388706207,
    0.4893313944339752,
    0.5082002282142639,
    0.5013541579246521,
    0.5342820286750793,
    0.4651780128479004,
    0.5418196320533752,
    0.5039194822311401,
    0.48543867468833923,
    0.45702290534973145,
    0.5128426551818848,
    0.4878880977630615,
    0.5099273324012756,
    0.5115005970001221,
    0.3972848951816559,
    0.49562057852745056,
    0.4909875988960266
  ],
  "accuracy": [
    0.6812499761581421,
    0.75,
    0.7250000238418579,
    0.78125,
    0.7749999761581421,
    0.753125011920929,
    0.746874988079071,
    0.7749999761581421,
    0.793749988079071,
    0.7437499761581421,
    0.784375011920929,
    0.809374988079071,
    0.71875,
    0.809374988079071,
    0.7437499761581421,
    0.778124988079071,
    0.765625,
    0.762499988079071,
    0.7593749761581421,
    0.796875,
    0.7437499761581421,
    0.765625,
    0.765625,
    0.7906249761581421,
    0.7437499761581421,
    0.768750011920929,
    0.778124988079071,
    0.753125011920929,
    0.7406250238418579,
    0.7281249761581421,
    0.78125,
    0.8031250238418579,
    0.809374988079071,
    0.768750011920929,
    0.75,
    0.7437499761581421,
    0.831250011920929,
    0.753125011920929,
    0.78125,
    0.7749999761581421,
    0.78125,
    0.8125,
    0.753125011920929,
    0.784375011920929,
    0.815625011920929,
    0.809374988079071,
    0.778124988079071,
    0.793749988079071,
    0.840624988079071,
    0.768750011920929,
    0.793749988079071,
    0.7875000238418579,
    0.800000011920929,
    0.7718750238418579,
    0.7749999761581421,
    0.765625,
    0.7437499761581421,
    0.7562500238418579,
    0.7749999761581421,
    0.721875011920929,
    0.8218749761581421,
    0.7562500238418579,
    0.778124988079071,
    0.7718750238418579,
    0.809374988079071,
    0.793749988079071,
    0.762499988079071,
    0.793749988079071,
    0.7593749761581421,
    0.7406250238418579,
    0.765625,
    0.7875000238418579,
    0.746874988079071,
    0.78125,
    0.753125011920929,
    0.7749999761581421,
    0.778124988079071,
    0.796875,
    0.765625,
    0.793749988079071,
    0.75,
    0.800000011920929,
    0.7562500238418579,
    0.8031250238418579,
    0.78125,
    0.7875000238418579,
    0.7562500238418579,
    0.746874988079071,
    0.8187500238418579,
    0.75,
    0.7562500238418579,
    0.7906249761581421,
    0.828125,
    0.765625,
    0.793749988079071,
    0.78125,
    0.7593749761581421,
    0.8374999761581421,
    0.762499988079071,
    0.7749999761581421
  ],
  "mean_absolute_error": [
    0.35260987281799316,
    0.31471776962280273,
    0.3370172381401062,
    0.2817012667655945,
    0.3052572011947632,
    0.3220270872116089,
    0.310096800327301,
    0.31329554319381714,
    0.2947514057159424,
    0.33893293142318726,
    0.3163042962551117,
    0.29539093375205994,
    0.35087481141090393,
    0.3024371862411499,
    0.34003791213035583,
    0.3144198954105377,
    0.3370162844657898,
    0.3280196785926819,
    0.325644314289093,
    0.30145972967147827,
    0.34520474076271057,
    0.3390619158744812,
    0.33005815744400024,
    0.31116190552711487,
    0.3346579670906067,
    0.3241852819919586,
    0.3210168778896332,
    0.3259667158126831,
    0.3390985429286957,
    0.3600998520851135,
    0.31981438398361206,
    0.30925747752189636,
    0.31741052865982056,
    0.32679271697998047,
    0.3335840106010437,
    0.3280467391014099,
    0.296583354473114,
    0.3290784955024719,
    0.3165627121925354,
    0.3202488422393799,
    0.32257887721061707,
    0.2940249741077423,
    0.31999698281288147,
    0.32118070125579834,
    0.2980632483959198,
    0.3124651312828064,
    0.325326144695282,
    0.3135764002799988,
    0.2941000163555145,
    0.328493595123291,
    0.3110237121582031,
    0.3163892924785614,
    0.30894604325294495,
    0.3259468674659729,
    0.3147355914115906,
    0.3144102692604065,
    0.33561158180236816,
    0.3254377841949463,
    0.3161972165107727,
    0.35826554894447327,
    0.29986923933029175,
    0.32814764976501465,
    0.3179859220981598,
    0.31651800870895386,
    0.30498963594436646,
    0.31518614292144775,
    0.34388571977615356,
    0.30815789103507996,
    0.3170710802078247,
    0.3430410623550415,
    0.32402122020721436,
    0.3094434440135956,
    0.3393279016017914,
    0.3114227056503296,
    0.33554205298423767,
    0.3206614553928375,
    0.32243484258651733,
    0.31732577085494995,
    0.3301486074924469,
    0.30467262864112854,
    0.33591383695602417,
    0.31069332361221313,
    0.33665868639945984,
    0.30813878774642944,
    0.31915679574012756,
    0.3214966654777527,
    0.3257502615451813,
    0.3338749408721924,
    0.3006247282028198,
    0.3389364778995514,
    0.3254864811897278,
    0.313286155462265,
    0.3013421893119812,
    0.32487496733665466,
    0.3187982439994812,
    0.3194838762283325,
    0.32574811577796936,
    0.27688834071159363,
    0.3259968161582947,
    0.3149213194847107
  ],