{
  "loss": [
    0.6778055429458618,
    0.5854123830795288,
    0.570988655090332,
    0.5172706246376038,
    0.5157880187034607,
    0.548565149307251,
    0.4391802251338959,
    0.5191062688827515,
    0.47982922196388245,
    0.47870364785194397,
    0.5614795088768005,
    0.48742252588272095,
    0.5106285214424133,
    0.5169704556465149,
    0.5125502347946167,
    0.48200860619544983,
    0.4981258511543274,
    0.5000599026679993,
    0.5211775302886963,
    0.4994807243347168,
    0.5457170605659485,
    0.5463324785232544,
    0.5285772681236267,
    0.5332198739051819,
    0.4788579046726227,
    0.5207167863845825,
    0.47191062569618225,
    0.5289443135261536,
    0.4912518858909607,
    0.5162944793701172,
    0.5055714845657349,
    0.5074126124382019,
    0.5136228799819946,
    0.5052607655525208,
    0.5267924070358276,
    0.4971695840358734,
    0.46996259689331055,
    0.5273566246032715,
    0.46650680899620056,
    0.5337663888931274,
    0.5807567834854126,
    0.5747286081314087,
    0.565554141998291,
    0.5182986855506897,
    0.49079686403274536,
    0.5506819486618042,
    0.4661044180393219,
    0.5185809135437012,
    0.5258437395095825,
    0.5057516694068909,
    0.5533920526504517,
    0.5033674836158752,
    0.48207950592041016,
    0.5163004994392395,
    0.5671621561050415,
    0.4899647831916809,
    0.5074813961982727,
    0.5077343583106995,
    0.5115357637405396,
    0.49188560247421265,
    0.4799383282661438,
    0.5247438549995422,
    0.5187445282936096,
    0.5031356811523438,
    0.47287455201148987,
    0.48234090209007263,
    0.4652417302131653,
    0.4834335744380951,
    0.44892388582229614,
    0.4921361804008484,
    0.508575975894928,
    0.4985428750514984,
    0.5188984870910645,
    0.514510989189148,
    0.4978272318840027,
    0.4808753430843353,
    0.5143534541130066,
    0.4869810938835144,
    0.5128114819526672,
    0.5380736589431763,
    0.4608001708984375,
    0.5695199966430664,
    0.49290603399276733,
    0.46686434745788574,
    0.511016309261322,
    0.5003364086151123,
    0.5224537253379822,
    0.5041703581809998,
    0.49067991971969604,
    0.5431400537490845,
    0.47290363907814026,
    0.4619775712490082,
    0.5337244272232056,
    0.4819205403327942,
    0.5352267026901245,
    0.5440751314163208,
    0.49595993757247925,
    0.523000955581665,
    0.5268872976303101,
    0.5463345050811768
  ],
  "accuracy": [
    0.706250011920929,
    0.731249988079071,
    0.737500011920929,
    0.75,
    0.768750011920929,
    0.78125,
    0.828125,
    0.7749999761581421,
    0.793749988079071,
    0.7875000238418579,
    0.7562500238418579,
    0.778124988079071,
    0.7749999761581421,
    0.768750011920929,
    0.768750011920929,
    0.800000011920929,
    0.7593749761581421,
    0.778124988079071,
    0.765625,
    0.7718750238418579,
    0.737500011920929,
    0.746874988079071,
    0.75,
    0.765625,
    0.784375011920929,
    0.7593749761581421,
    0.796875,
    0.7437499761581421,
    0.7593749761581421,
    0.7437499761581421,
    0.7906249761581421,
    0.778124988079071,
    0.7437499761581421,
    0.7593749761581421,
    0.762499988079071,
    0.778124988079071,
    0.7906249761581421,
    0.746874988079071,
    0.800000011920929,
    0.762499988079071,
    0.734375,
    0.721875011920929,
    0.734375,
    0.7562500238418579,
    0.7718750238418579,
    0.7250000238418579,
    0.809374988079071,
    0.778124988079071,
    0.7749999761581421,
    0.778124988079071,
    0.734375,
    0.7718750238418579,
    0.778124988079071,
    0.78125,
    0.7250000238418579,
    0.78125,
    0.7718750238418579,
    0.778124988079071,
    0.7749999761581421,
    0.778124988079071,
    0.8031250238418579,
    0.7593749761581421,
    0.7749999761581421,
    0.7562500238418579,
    0.8031250238418579,
    0.8031250238418579,
    0.793749988079071,
    0.800000011920929,
    0.800000011920929,
    0.7875000238418579,
    0.7593749761581421,
    0.78125,
    0.7718750238418579,
    0.715624988079071,
    0.7718750238418579,
    0.796875,
    0.7562500238418579,
    0.7906249761581421,
    0.7875000238418579,
    0.7749999761581421,
    0.8031250238418579,
    0.7406250238418579,
    0.7749999761581421,
    0.796875,
    0.7593749761581421,
    0.778124988079071,
    0.768750011920929,
    0.78125,
    0.7749999761581421,
    0.7562500238418579,
    0.809374988079071,
    0.7749999761581421,
    0.7406250238418579,
    0.7875000238418579,
    0.7875000238418579,
    0.768750011920929,
    0.793749988079071,
    0.765625,
    0.737500011920929,
    0.753125011920929
  ],
  "mean_absolute_error": [
    0.3643057346343994,
    0.33645254373550415,
    0.35742366313934326,
    0.32714754343032837,
    0.3169083893299103,
    0.32350119948387146,
    0.28258517384529114,
    0.3159111440181732,
    0.2957538664340973,
    0.30528947710990906,
    0.337700754404068,
    0.3183025121688843,
    0.32362133264541626,
    0.3158745765686035,
    0.31203705072402954,
    0.3002859950065613,
    0.3200809061527252,
    0.31841668486595154,
    0.3334900438785553,
    0.32544606924057007,
    0.33971530199050903,
    0.33769604563713074,
    0.3395353853702545,
    0.33458539843559265,
    0.31730374693870544,
    0.3326423466205597,
    0.3090191185474396,
    0.33299899101257324,
    0.32323992252349854,
    0.33947885036468506,
    0.3234694004058838,
    0.3208954930305481,
    0.32473522424697876,
    0.32447728514671326,
    0.33778974413871765,
    0.329319566488266,
    0.31903713941574097,
    0.3388431966304779,
    0.3098410665988922,
    0.3372882306575775,
    0.3513457477092743,
    0.35106390714645386,
    0.3527641296386719,
    0.33935174345970154,
    0.3261382579803467,
    0.3493501543998718,
    0.3105919361114502,
    0.3348163664340973,
    0.33732685446739197,
    0.3284291625022888,
    0.3496992886066437,
    0.32829517126083374,
    0.32712000608444214,
    0.3372279405593872,
    0.3583400249481201,
    0.3255929946899414,
    0.3326418399810791,
    0.3282637894153595,
    0.32930898666381836,
    0.321957528591156,
    0.3129137456417084,
    0.3399617075920105,
    0.34004271030426025,
    0.32917484641075134,
    0.3166132867336273,
    0.3179665803909302,
    0.3117642104625702,
    0.32123568654060364,
    0.3081742227077484,
    0.3241782486438751,
    0.3274042308330536,
    0.3256344199180603,
    0.33223825693130493,
    0.3367604911327362,
    0.3250664472579956,
    0.3132931590080261,
    0.3308437168598175,
    0.32232987880706787,
    0.32869869470596313,
    0.3342238962650299,
    0.31080180406570435,
    0.34786903858184814,
    0.32255491614341736,
    0.31510114669799805,
    0.332446426153183,
    0.3292286992073059,
    0.3330134153366089,
    0.32234251499176025,
    0.3281683325767517,
    0.34523457288742065,
    0.311333030462265,
    0.3146984577178955,
    0.34402066469192505,
    0.31408101320266724,
    0.33459556102752686,
    0.33895009756088257,
    0.3269028067588806,
    0.34107622504234314,
    0.3392389118671417,
    0.3435032069683075
  ],