{
  "loss": [
    0.6124193072319031,
    0.5800094604492188,
    0.6319621801376343,
    0.6091707348823547,
    0.5891849398612976,
    0.5434285998344421,
    0.628628134727478,
    0.5493412017822266,
    0.5775742530822754,
    0.5866254568099976,
    0.5569614171981812,
    0.6094532608985901,
    0.5415543913841248,
    0.5196817517280579,
    0.594112753868103,
    0.5402718782424927,
    0.6290286779403687,
    0.5987939834594727,
    0.5727282762527466,
    0.5242581367492676,
    0.5195538401603699,
    0.5614036321640015,
    0.5765699148178101,
    0.5515428781509399,
    0.5700573325157166,
    0.5698645114898682,
    0.57590651512146,
    0.5888935923576355,
    0.6371104717254639,
    0.5437111854553223,
    0.5495641827583313,
    0.5842119455337524,
    0.5975347757339478,
    0.596221387386322,
    0.5514951348304749,
    0.5774056911468506,
    0.5854717493057251,
    0.5802239775657654,
    0.5723094940185547,
    0.6064060926437378,
    0.531853973865509,
    0.5636792182922363,
    0.5756058096885681,
    0.5753382444381714,
    0.5861316919326782,
    0.5613904595375061,
    0.5293760299682617,
    0.6529756188392639,
    0.5442816615104675,
    0.5800877809524536,
    0.5535964965820312,
    0.5164443254470825,
    0.5709695816040039,
    0.5832027196884155,
    0.5474399924278259,
    0.6317362785339355,
    0.5877460241317749,
    0.5551055669784546,
    0.5591049194335938,
    0.5888873338699341,
    0.5526948571205139,
    0.5298149585723877,
    0.4991687834262848,
    0.5918684005737305,
    0.5588761568069458,
    0.5843546986579895,
    0.5701335668563843,
    0.6254178285598755,
    0.5307524800300598,
    0.5663238763809204,
    0.5379339456558228,
    0.5585424304008484,
    0.5704328417778015,
    0.5713598132133484,
    0.5819085240364075,
    0.5476834774017334,
    0.6367657780647278,
    0.5826837420463562,
    0.6036737561225891,
    0.5830308198928833,
    0.5494092106819153,
    0.5898292064666748,
    0.6140281558036804,
    0.551447868347168,
    0.5683731436729431,
    0.5640589594841003,
    0.5646583437919617,
    0.5719712972640991,
    0.5435346364974976,
    0.5788848400115967,
    0.5636609792709351,
    0.5371825098991394,
    0.5312101244926453,
    0.590097188949585,
    0.5694653391838074,
    0.5867468118667603,
    0.6075932383537292,
    0.5601298213005066,
    0.5594024658203125,
    0.5745221376419067
  ],
  "accuracy": [
    0.706250011920929,
    0.699999988079071,
    0.6875,
    0.7437499761581421,
    0.7124999761581421,
    0.7437499761581421,
    0.6875,
    0.7406250238418579,
    0.7250000238418579,
    0.7093750238418579,
    0.768750011920929,
    0.715624988079071,
    0.762499988079071,
    0.8031250238418579,
    0.6968749761581421,
    0.75,
    0.7124999761581421,
    0.7124999761581421,
    0.7250000238418579,
    0.737500011920929,
    0.753125011920929,
    0.75,
    0.7250000238418579,
    0.731249988079071,
    0.734375,
    0.7124999761581421,
    0.7281249761581421,
    0.715624988079071,
    0.640625,
    0.737500011920929,
    0.75,
    0.706250011920929,
    0.6968749761581421,
    0.715624988079071,
    0.7406250238418579,
    0.7281249761581421,
    0.715624988079071,
    0.71875,
    0.715624988079071,
    0.6968749761581421,
    0.7281249761581421,
    0.7562500238418579,
    0.715624988079071,
    0.706250011920929,
    0.71875,
    0.731249988079071,
    0.765625,
    0.699999988079071,
    0.7593749761581421,
    0.721875011920929,
    0.7406250238418579,
    0.778124988079071,
    0.7250000238418579,
    0.7281249761581421,
    0.7437499761581421,
    0.671875,
    0.703125,
    0.71875,
    0.721875011920929,
    0.734375,
    0.737500011920929,
    0.75,
    0.78125,
    0.6875,
    0.7562500238418579,
    0.7124999761581421,
    0.715624988079071,
    0.675000011920929,
    0.7718750238418579,
    0.7250000238418579,
    0.7406250238418579,
    0.71875,
    0.737500011920929,
    0.71875,
    0.7093750238418579,
    0.7593749761581421,
    0.653124988079071,
    0.7124999761581421,
    0.703125,
    0.734375,
    0.734375,
    0.6875,
    0.6875,
    0.721875011920929,
    0.731249988079071,
    0.7250000238418579,
    0.746874988079071,
    0.7281249761581421,
    0.7593749761581421,
    0.6875,
    0.7281249761581421,
    0.746874988079071,
    0.75,
    0.703125,
    0.7281249761581421,
    0.7281249761581421,
    0.690625011920929,
    0.737500011920929,
    0.734375,
    0.6968749761581421
  ],
  "mean_absolute_error": [
    0.3815196454524994,
    0.37099531292915344,
    0.3825337886810303,
    0.36849936842918396,
    0.3690047562122345,
    0.3559386432170868,
    0.3937930166721344,
    0.36053603887557983,
    0.3666049540042877,
    0.3662125766277313,
    0.3556705415248871,
    0.38240036368370056,
    0.3619041442871094,
    0.3481850028038025,
    0.38215169310569763,
    0.3629271984100342,
    0.39234858751296997,
    0.38850393891334534,
    0.37949758768081665,
    0.35478511452674866,
    0.35655561089515686,
    0.37094467878341675,
    0.37708860635757446,
    0.37112507224082947,
    0.3690062165260315,
    0.37572184205055237,
    0.3772083818912506,
    0.3823627829551697,
    0.4101157784461975,
    0.36991843581199646,
    0.36889320611953735,
    0.3873479664325714,
    0.38360026478767395,
    0.3889297842979431,
    0.3711332380771637,
    0.3828018009662628,
    0.3867727518081665,
    0.3869892358779907,
    0.38370469212532043,
    0.39430028200149536,
    0.3662959933280945,
    0.37844976782798767,
    0.38041162490844727,
    0.38641661405563354,
    0.3911135196685791,
    0.378513902425766,
    0.36409252882003784,
    0.4116886258125305,
    0.36830535531044006,
    0.3852483034133911,
    0.3753354847431183,
    0.3542327284812927,
    0.3808479905128479,
    0.38232409954071045,
    0.3678181767463684,
    0.4035003185272217,
    0.3857662081718445,
    0.37508469820022583,
    0.38140034675598145,
    0.38622263073921204,
    0.37391310930252075,
    0.3625897765159607,
    0.3493022322654724,
    0.3919117748737335,
    0.36752620339393616,
    0.3837520480155945,
    0.38002604246139526,
    0.4045042097568512,
    0.361833393573761,
    0.37888985872268677,
    0.36815696954727173,
    0.37793174386024475,
    0.3769383430480957,
    0.3805811107158661,
    0.3867718279361725,
    0.3659030497074127,
    0.4097938537597656,
    0.3886275887489319,
    0.3919614255428314,
    0.37877580523490906,
    0.372038334608078,
    0.3913654088973999,
    0.3981127142906189,
    0.3714866042137146,
    0.37686270475387573,
    0.3812543451786041,
    0.37737947702407837,
    0.37836945056915283,
    0.3680582642555237,
    0.38695991039276123,
    0.37802162766456604,
    0.3670777976512909,
    0.36401474475860596,
    0.3938409984111786,
    0.37937453389167786,
    0.3856063783168793,
    0.3984738886356354,
    0.371282696723938,
    0.376136839389801,
    0.3818984627723694
  ],