{
  "loss": [
    0.8784996271133423,
    0.780377209186554,
    0.7834586501121521,
    0.6638938188552856,
    0.7383403778076172,
    0.6778912544250488,
    0.7027455568313599,
    0.654706597328186,
    0.603725790977478,
    0.5824395418167114,
    0.5706413984298706,
    0.6972504258155823,
    0.6866691708564758,
    0.5974478125572205,
    0.648892343044281,
    0.6536255478858948,
    0.6240636110305786,
    0.5711172223091125,
    0.6966964602470398,
    0.6296809911727905,
    0.5653696656227112,
    0.6261499524116516,
    0.6116194128990173,
    0.6000785827636719,
    0.6347163915634155,
    0.6265421509742737,
    0.5619344711303711,
    0.5620158910751343,
    0.6068395376205444,
    0.608371376991272,
    0.5810759663581848,
    0.5595489144325256,
    0.5964608788490295,
    0.6049319505691528,
    0.5406532883644104,
    0.5865007638931274,
    0.5836219787597656,
    0.5916338562965393,
    0.5270960927009583,
    0.6497473120689392,
    0.6103290319442749,
    0.6237210035324097,
    0.576464831829071,
    0.5839844346046448,
    0.6190459132194519,
    0.6035498976707458,
    0.6035569310188293,
    0.587239146232605,
    0.5937210321426392,
    0.6129880547523499,
    0.5679630041122437,
    0.5606956481933594,
    0.5445342063903809,
    0.5722000002861023,
    0.5616670846939087,
    0.5689835548400879,
    0.5527443289756775,
    0.5401389598846436,
    0.5879489183425903,
    0.5809771418571472,
    0.6189132332801819,
    0.5946447849273682,
    0.5932273864746094,
    0.5345755815505981,
    0.6077182292938232,
    0.5486106872558594,
    0.5780261754989624,
    0.6500110626220703,
    0.5903286933898926,
    0.6093003153800964,
    0.5873026847839355,
    0.5777300000190735,
    0.610916256904602,
    0.6361978054046631,
    0.6050275564193726,
    0.5873419642448425,
    0.598176896572113,
    0.5472849011421204,
    0.5677224397659302,
    0.556897759437561,
    0.5611972808837891,
    0.5992177724838257,
    0.5701521635055542,
    0.6358276605606079,
    0.5631721615791321,
    0.5697097182273865,
    0.5985265374183655,
    0.6192485690116882,
    0.6002945303916931,
    0.6245759725570679,
    0.5931983590126038,
    0.5929744243621826,
    0.5771957635879517,
    0.573207676410675,
    0.6130865812301636,
    0.5830657482147217,
    0.5513417720794678,
    0.5652023553848267,
    0.5436145663261414,
    0.5282037258148193
  ],
  "accuracy": [
    0.5625,
    0.5687500238418579,
    0.6031249761581421,
    0.6499999761581421,
    0.590624988079071,
    0.643750011920929,
    0.625,
    0.668749988079071,
    0.6937500238418579,
    0.7406250238418579,
    0.699999988079071,
    0.6781250238418579,
    0.675000011920929,
    0.6937500238418579,
    0.668749988079071,
    0.684374988079071,
    0.6875,
    0.6875,
    0.6656249761581421,
    0.684374988079071,
    0.734375,
    0.6875,
    0.7093750238418579,
    0.7437499761581421,
    0.675000011920929,
    0.6937500238418579,
    0.7124999761581421,
    0.7406250238418579,
    0.715624988079071,
    0.7093750238418579,
    0.71875,
    0.734375,
    0.699999988079071,
    0.706250011920929,
    0.7593749761581421,
    0.71875,
    0.7093750238418579,
    0.715624988079071,
    0.7593749761581421,
    0.6968749761581421,
    0.7093750238418579,
    0.6781250238418579,
    0.71875,
    0.71875,
    0.703125,
    0.699999988079071,
    0.6937500238418579,
    0.731249988079071,
    0.703125,
    0.6781250238418579,
    0.7250000238418579,
    0.7281249761581421,
    0.765625,
    0.7437499761581421,
    0.731249988079071,
    0.737500011920929,
    0.737500011920929,
    0.706250011920929,
    0.7124999761581421,
    0.7281249761581421,
    0.671875,
    0.6937500238418579,
    0.731249988079071,
    0.753125011920929,
    0.668749988079071,
    0.753125011920929,
    0.7250000238418579,
    0.6968749761581421,
    0.706250011920929,
    0.7093750238418579,
    0.721875011920929,
    0.715624988079071,
    0.6937500238418579,
    0.6968749761581421,
    0.6875,
    0.6968749761581421,
    0.7093750238418579,
    0.731249988079071,
    0.7093750238418579,
    0.731249988079071,
    0.715624988079071,
    0.7250000238418579,
    0.706250011920929,
    0.675000011920929,
    0.7093750238418579,
    0.703125,
    0.721875011920929,
    0.6781250238418579,
    0.6968749761581421,
    0.6937500238418579,
    0.6812499761581421,
    0.7093750238418579,
    0.737500011920929,
    0.715624988079071,
    0.684374988079071,
    0.7093750238418579,
    0.699999988079071,
    0.7562500238418579,
    0.7749999761581421,
    0.7906249761581421
  ],
  "mean_absolute_error": [
    0.47245287895202637,
    0.4531381130218506,
    0.44943052530288696,
    0.41924428939819336,
    0.447624146938324,
    0.4232386648654938,
    0.43513089418411255,
    0.41497620940208435,
    0.398300439119339,
    0.38025766611099243,
    0.38145455718040466,
    0.42464548349380493,
    0.42185020446777344,
    0.3954613506793976,
    0.4089024066925049,
    0.414644718170166,
    0.4087298810482025,
    0.38726168870925903,
    0.4307507872581482,
    0.40761977434158325,
    0.38530492782592773,
    0.4095325469970703,
    0.4022153317928314,
    0.39606937766075134,
    0.4116429388523102,
    0.4097299575805664,
    0.3859351873397827,
    0.3804588317871094,
    0.3930891454219818,
    0.3994584381580353,
    0.39070749282836914,
    0.37670451402664185,
    0.3915630280971527,
    0.3946424424648285,
    0.36871713399887085,
    0.38258591294288635,
    0.38298043608665466,
    0.39040905237197876,
    0.3578275740146637,
    0.4021815359592438,
    0.3892527222633362,
    0.3985743820667267,
    0.3805418908596039,
    0.3841777443885803,
    0.3989895284175873,
    0.38532745838165283,
    0.3973502516746521,
    0.38130730390548706,
    0.3920038342475891,
    0.4032396674156189,
    0.3789832293987274,
    0.37632399797439575,
    0.3702813982963562,
    0.3802218735218048,
    0.37319204211235046,
    0.38443732261657715,
    0.37448757886886597,
    0.36799460649490356,
    0.3890632688999176,
    0.38389211893081665,
    0.40483522415161133,
    0.3905256688594818,
    0.38981935381889343,
    0.3583742082118988,
    0.3983428478240967,
    0.3696697950363159,
    0.3761303424835205,
    0.409405380487442,
    0.3866080641746521,
    0.39405933022499084,
    0.38839346170425415,
    0.38536685705184937,
    0.3948386311531067,
    0.4029681086540222,
    0.39533478021621704,
    0.3878784775733948,
    0.3915702700614929,
    0.37134960293769836,
    0.37754127383232117,
    0.3773931562900543,
    0.3701445460319519,
    0.38995951414108276,
    0.3784303367137909,
    0.4078122675418854,
    0.38455766439437866,
    0.38466569781303406,
    0.393409788608551,
    0.39917951822280884,
    0.3949863314628601,
    0.4009420871734619,
    0.3883472979068756,
    0.39605337381362915,
    0.3846825063228607,
    0.3833555579185486,
    0.39829570055007935,
    0.3838074803352356,
    0.3750994801521301,
    0.3800880014896393,
    0.3693132996559143,
    0.3647291660308838
  ],