{
  "loss": [
    0.8657779693603516,
    0.8532876968383789,
    0.7230643033981323,
    0.7561541795730591,
    0.6591600179672241,
    0.6378563642501831,
    0.637856125831604,
    0.5799868702888489,
    0.6609761118888855,
    0.6178033947944641,
    0.6456989049911499,
    0.626264214515686,
    0.5924908518791199,
    0.6175890564918518,
    0.615230917930603,
    0.6301633715629578,
    0.6822380423545837,
    0.6600610017776489,
    0.6922472715377808,
    0.6397146582603455,
    0.6560057997703552,
    0.5620541572570801,
    0.5882750153541565,
    0.6694347262382507,
    0.5814206004142761,
    0.5450477600097656,
    0.5746690630912781,
    0.6379767656326294,
    0.572400689125061,
    0.5785790681838989,
    0.6108408570289612,
    0.561393678188324,
    0.5949512124061584,
    0.5672342777252197,
    0.6272004842758179,
    0.5867257714271545,
    0.6038461923599243,
    0.6236878037452698,
    0.5800524950027466,
    0.6010692715644836,
    0.5847581624984741,
    0.5711644887924194,
    0.5733140707015991,
    0.6002129316329956,
    0.5459248423576355,
    0.6073673963546753,
    0.5426561236381531,
    0.5842472314834595,
    0.6126856803894043,
    0.564816415309906,
    0.5599446296691895,
    0.6662595868110657,
    0.5777782201766968,
    0.6199405789375305,
    0.5602087378501892,
    0.5505024194717407,
    0.6146481037139893,
    0.6473668813705444,
    0.5985625982284546,
    0.6155955195426941,
    0.5893771648406982,
    0.5872258543968201,
    0.5674868822097778,
    0.6063638925552368,
    0.5762345790863037,
    0.5860822200775146,
    0.6345645785331726,
    0.5645826458930969,
    0.5719925761222839,
    0.5406564474105835,
    0.562868058681488,
    0.5930942296981812,
    0.5904309153556824,
    0.6364597082138062,
    0.5918272733688354,
    0.5867188572883606,
    0.5415229201316833,
    0.5832045674324036,
    0.6237412691116333,
    0.6027324795722961,
    0.5662962198257446,
    0.5822041630744934,
    0.5710363388061523,
    0.6045414805412292,
    0.580883800983429,
    0.5931523442268372,
    0.6401455998420715,
    0.6102333068847656,
    0.5807749032974243,
    0.5499774813652039,
    0.5386104583740234,
    0.5936546325683594,
    0.5054363012313843,
    0.64226233959198,
    0.6348178386688232,
    0.5870949029922485,
    0.6032978892326355,
    0.5593632459640503,
    0.6152917742729187,
    0.6456676125526428
  ],
  "accuracy": [
    0.53125,
    0.528124988079071,
    0.596875011920929,
    0.5874999761581421,
    0.659375011920929,
    0.6968749761581421,
    0.6468750238418579,
    0.6812499761581421,
    0.637499988079071,
    0.7124999761581421,
    0.684374988079071,
    0.6937500238418579,
    0.71875,
    0.6968749761581421,
    0.6937500238418579,
    0.690625011920929,
    0.625,
    0.6812499761581421,
    0.625,
    0.675000011920929,
    0.6468750238418579,
    0.706250011920929,
    0.7093750238418579,
    0.65625,
    0.703125,
    0.7437499761581421,
    0.715624988079071,
    0.6937500238418579,
    0.721875011920929,
    0.7093750238418579,
    0.699999988079071,
    0.75,
    0.699999988079071,
    0.753125011920929,
    0.703125,
    0.6968749761581421,
    0.721875011920929,
    0.684374988079071,
    0.734375,
    0.7281249761581421,
    0.7250000238418579,
    0.7281249761581421,
    0.7250000238418579,
    0.7093750238418579,
    0.746874988079071,
    0.699999988079071,
    0.7406250238418579,
    0.715624988079071,
    0.6968749761581421,
    0.721875011920929,
    0.734375,
    0.6468750238418579,
    0.7250000238418579,
    0.6812499761581421,
    0.7250000238418579,
    0.7406250238418579,
    0.703125,
    0.684374988079071,
    0.706250011920929,
    0.6968749761581421,
    0.7093750238418579,
    0.731249988079071,
    0.721875011920929,
    0.715624988079071,
    0.703125,
    0.737500011920929,
    0.659375011920929,
    0.721875011920929,
    0.71875,
    0.746874988079071,
    0.75,
    0.7124999761581421,
    0.6937500238418579,
    0.659375011920929,
    0.7093750238418579,
    0.7093750238418579,
    0.75,
    0.7124999761581421,
    0.6875,
    0.715624988079071,
    0.71875,
    0.737500011920929,
    0.734375,
    0.6875,
    0.71875,
    0.6968749761581421,
    0.659375011920929,
    0.6937500238418579,
    0.703125,
    0.7718750238418579,
    0.7593749761581421,
    0.6937500238418579,
    0.765625,
    0.675000011920929,
    0.671875,
    0.7437499761581421,
    0.6937500238418579,
    0.7437499761581421,
    0.6937500238418579,
    0.675000011920929
  ],
  "mean_absolute_error": [
    0.48949193954467773,
    0.487937867641449,
    0.4450676441192627,
    0.45112913846969604,
    0.40860652923583984,
    0.39785444736480713,
    0.4084189832210541,
    0.37966829538345337,
    0.414714515209198,
    0.3856343626976013,
    0.4048839509487152,
    0.40057459473609924,
    0.3810654282569885,
    0.38898172974586487,
    0.39147987961769104,
    0.39393335580825806,
    0.42162466049194336,
    0.41389065980911255,
    0.43240803480148315,
    0.40504327416419983,
    0.42353448271751404,
    0.3794064521789551,
    0.3907686769962311,
    0.4179938733577728,
    0.3873826861381531,
    0.3734944462776184,
    0.3844062387943268,
    0.4086165428161621,
    0.37719208002090454,
    0.3868545591831207,
    0.39560872316360474,
    0.37168318033218384,
    0.39118319749832153,
    0.3758170008659363,
    0.39932820200920105,
    0.38349539041519165,
    0.3899134695529938,
    0.40324753522872925,
    0.38195282220840454,
    0.39377763867378235,
    0.3831739127635956,
    0.37653565406799316,
    0.38009923696517944,
    0.39148053526878357,
    0.3675925135612488,
    0.3955942392349243,
    0.3662470281124115,
    0.381751149892807,
    0.39902418851852417,
    0.37643083930015564,
    0.37862011790275574,
    0.41793012619018555,
    0.38081344962120056,
    0.4065802991390228,
    0.37779122591018677,
    0.3736104965209961,
    0.3991258144378662,
    0.4107954502105713,
    0.39199209213256836,
    0.4003501832485199,
    0.3880446255207062,
    0.3908093571662903,
    0.3808470070362091,
    0.39562156796455383,
    0.38394153118133545,
    0.3812628984451294,
    0.4107106626033783,
    0.3790775537490845,
    0.38342922925949097,
    0.3645597994327545,
    0.37206536531448364,
    0.38876768946647644,
    0.3904252350330353,
    0.40749090909957886,
    0.3894377648830414,
    0.3854461908340454,
    0.36653509736061096,
    0.38678139448165894,
    0.4003429412841797,
    0.3916575312614441,
    0.380565345287323,
    0.3840150237083435,
    0.3753296434879303,
    0.39364105463027954,
    0.3848034739494324,
    0.39584416151046753,
    0.4104723036289215,
    0.3958044946193695,
    0.38679641485214233,
    0.37139445543289185,
    0.3649359345436096,
    0.3921140730381012,
    0.3520221710205078,
    0.40713366866111755,
    0.40756678581237793,
    0.382181316614151,
    0.39350977540016174,
    0.37649625539779663,
    0.3978935778141022,
    0.41178351640701294
  ],