{
  "loss": [
    0.6340233087539673,
    0.5951935052871704,
    0.532657265663147,
    0.5301111340522766,
    0.4226500988006592,
    0.4887772500514984,
    0.5030111074447632,
    0.5703879594802856,
    0.46396809816360474,
    0.4733913838863373,
    0.4523226320743561,
    0.46245449781417847,
    0.5410469770431519,
    0.48548245429992676,
    0.48506736755371094,
    0.47572794556617737,
    0.4898781180381775,
    0.46986135840415955,
    0.5132876634597778,
    0.44882869720458984,
    0.513765811920166,
    0.4553232192993164,
    0.4750289022922516,
    0.47750139236450195,
    0.45565953850746155,
    0.5018898248672485,
    0.43846645951271057,
    0.47785234451293945,
    0.505199134349823,
    0.4515913128852844,
    0.5000173449516296,
    0.4769722819328308,
    0.4974352717399597,
    0.5571576952934265,
    0.4548863470554352,
    0.533849835395813,
    0.5007911920547485,
    0.47015294432640076,
    0.44895610213279724,
    0.47261327505111694,
    0.4962180256843567,
    0.5209632515907288,
    0.46570244431495667,
    0.4772774279117584,
    0.468050479888916,
    0.4758422374725342,
    0.4514167904853821,
    0.5310116410255432,
    0.4915693402290344,
    0.508033275604248,
    0.4851722717285156,
    0.4543348252773285,
    0.4991758465766907,
    0.45559391379356384,
    0.516868531703949,
    0.4692346453666687,
    0.539319634437561,
    0.4732144773006439,
    0.4666757583618164,
    0.46383577585220337,
    0.43899083137512207,
    0.47563090920448303,
    0.5111171007156372,
    0.5638378262519836,
    0.4785323739051819,
    0.4895114302635193,
    0.4659871459007263,
    0.5079711079597473,
    0.48628997802734375,
    0.4235760569572449,
    0.5131100416183472,
    0.4673096239566803,
    0.49818533658981323,
    0.4523000121116638,
    0.4773081839084625,
    0.44570988416671753,
    0.4672698974609375,
    0.4855763018131256,
    0.4981365203857422,
    0.4730868935585022,
    0.4472927451133728,
    0.4804096221923828,
    0.5029870867729187,
    0.4799312651157379,
    0.47844138741493225,
    0.4878581464290619,
    0.4371224045753479,
    0.46346554160118103,
    0.43968358635902405,
    0.4433661103248596,
    0.45991554856300354,
    0.458379328250885,
    0.4497506618499756,
    0.4889097809791565,
    0.5055983662605286,
    0.45778888463974,
    0.4674549698829651,
    0.4200859069824219,
    0.46018925309181213,
    0.4608655869960785
  ],
  "accuracy": [
    0.715624988079071,
    0.699999988079071,
    0.7749999761581421,
    0.7562500238418579,
    0.7906249761581421,
    0.796875,
    0.778124988079071,
    0.753125011920929,
    0.8031250238418579,
    0.784375011920929,
    0.7875000238418579,
    0.793749988079071,
    0.778124988079071,
    0.7718750238418579,
    0.793749988079071,
    0.784375011920929,
    0.784375011920929,
    0.7906249761581421,
    0.7562500238418579,
    0.793749988079071,
    0.7562500238418579,
    0.800000011920929,
    0.793749988079071,
    0.800000011920929,
    0.809374988079071,
    0.7562500238418579,
    0.8125,
    0.793749988079071,
    0.7718750238418579,
    0.800000011920929,
    0.7875000238418579,
    0.78125,
    0.7593749761581421,
    0.71875,
    0.784375011920929,
    0.7250000238418579,
    0.768750011920929,
    0.778124988079071,
    0.8062499761581421,
    0.784375011920929,
    0.7718750238418579,
    0.762499988079071,
    0.796875,
    0.78125,
    0.7906249761581421,
    0.800000011920929,
    0.7749999761581421,
    0.7562500238418579,
    0.778124988079071,
    0.765625,
    0.784375011920929,
    0.8125,
    0.778124988079071,
    0.784375011920929,
    0.765625,
    0.7749999761581421,
    0.7749999761581421,
    0.8031250238418579,
    0.768750011920929,
    0.793749988079071,
    0.824999988079071,
    0.800000011920929,
    0.762499988079071,
    0.734375,
    0.7906249761581421,
    0.768750011920929,
    0.778124988079071,
    0.762499988079071,
    0.78125,
    0.809374988079071,
    0.765625,
    0.8031250238418579,
    0.7562500238418579,
    0.796875,
    0.768750011920929,
    0.824999988079071,
    0.8062499761581421,
    0.778124988079071,
    0.7906249761581421,
    0.7875000238418579,
    0.809374988079071,
    0.78125,
    0.796875,
    0.753125011920929,
    0.8062499761581421,
    0.778124988079071,
    0.8125,
    0.8031250238418579,
    0.831250011920929,
    0.8125,
    0.7718750238418579,
    0.7906249761581421,
    0.796875,
    0.765625,
    0.78125,
    0.8031250238418579,
    0.8062499761581421,
    0.824999988079071,
    0.8125,
    0.7906249761581421
  ],
  "mean_absolute_error": [
    0.3333854377269745,
    0.3293469548225403,
    0.32187697291374207,
    0.3187040388584137,
    0.2813393175601959,
    0.2990474998950958,
    0.3179495930671692,
    0.3411116600036621,
    0.2987705171108246,
    0.30699384212493896,
    0.29106321930885315,
    0.297700434923172,
    0.3286786675453186,
    0.3152298331260681,
    0.3078782558441162,
    0.30630239844322205,
    0.3150622844696045,
    0.303235799074173,
    0.32006531953811646,
    0.2977682650089264,
    0.32601842284202576,
    0.29723528027534485,
    0.30286282300949097,
    0.3070636987686157,
    0.2992206811904907,
    0.3152415454387665,
    0.287224680185318,
    0.3069673478603363,
    0.3146805465221405,
    0.2986690104007721,
    0.31876522302627563,
    0.30742788314819336,
    0.3168550431728363,
    0.3459629416465759,
    0.30352506041526794,
    0.33317381143569946,
    0.32290148735046387,
    0.3087794780731201,
    0.30256080627441406,
    0.30358898639678955,
    0.31357261538505554,
    0.3233913779258728,
    0.3102603554725647,
    0.3159293532371521,
    0.3046501874923706,
    0.3075973093509674,
    0.30219024419784546,
    0.3325546681880951,
    0.31826692819595337,
    0.32841676473617554,
    0.3161461651325226,
    0.30120599269866943,
    0.3173968493938446,
    0.30626779794692993,
    0.3260467052459717,
    0.31311142444610596,
    0.33519354462623596,
    0.30898624658584595,
    0.3124373257160187,
    0.30955132842063904,
    0.2958928644657135,
    0.3099759817123413,
    0.32655128836631775,
    0.34517785906791687,
    0.3125951886177063,
    0.32058849930763245,
    0.3122362494468689,
    0.3258110582828522,
    0.31704673171043396,
    0.2937634587287903,
    0.32484880089759827,
    0.30601751804351807,
    0.32209843397140503,
    0.30067679286003113,
    0.31518757343292236,
    0.2944490313529968,
    0.3094587028026581,
    0.3140168786048889,
    0.31278011202812195,
    0.3091508746147156,
    0.3031042218208313,
    0.31353408098220825,
    0.3183063566684723,
    0.316366583108902,
    0.31304576992988586,
    0.3157466948032379,
    0.28714585304260254,
    0.3037431538105011,
    0.29299014806747437,
    0.2979668974876404,
    0.30499857664108276,
    0.30259042978286743,
    0.3010497987270355,
    0.31803029775619507,
    0.3198683261871338,
    0.3068787455558777,
    0.3111080229282379,
    0.2861315608024597,
    0.303018182516098,
    0.3042071759700775
  ],