{
  "loss": [
    0.5481711626052856,
    0.5178565382957458,
    0.5206865072250366,
    0.45495957136154175,
    0.5487397313117981,
    0.48115962743759155,
    0.37711918354034424,
    0.4880875051021576,
    0.4859839975833893,
    0.4545161724090576,
    0.4307894706726074,
    0.4285305142402649,
    0.4340926706790924,
    0.4789023995399475,
    0.5173351764678955,
    0.46683183312416077,
    0.47137451171875,
    0.4768328070640564,
    0.6110560297966003,
    0.5262562036514282,
    0.47033587098121643,
    0.5044928193092346,
    0.46007195115089417,
    0.5049285292625427,
    0.526441216468811,
    0.42529773712158203,
    0.4668691158294678,
    0.4656599164009094,
    0.43918377161026,
    0.5004225969314575,
    0.4812212586402893,
    0.4290474057197571,
    0.43520045280456543,
    0.4197137951850891,
    0.47596678137779236,
    0.47577667236328125,
    0.5455811023712158,
    0.4948413372039795,
    0.46420320868492126,
    0.4685431122779846,
    0.49794691801071167,
    0.5052787661552429,
    0.4537202715873718,
    0.48900294303894043,
    0.476118803024292,
    0.46834197640419006,
    0.4863552153110504,
    0.4321230947971344,
    0.5231164693832397,
    0.45589151978492737,
    0.4827025532722473,
    0.5406191349029541,
    0.42633867263793945,
    0.4651908278465271,
    0.4608284831047058,
    0.4419139325618744,
    0.5240408182144165,
    0.4817105829715729,
    0.47673946619033813,
    0.4831850528717041,
    0.458612859249115,
    0.48926958441734314,
    0.4663027822971344,
    0.4933735728263855,
    0.5026392936706543,
    0.48122119903564453,
    0.48807090520858765,
    0.49154090881347656,
    0.5175716876983643,
    0.41661205887794495,
    0.5084172487258911,
    0.5065122842788696,
    0.40053629875183105,
    0.5081639289855957,
    0.4666358530521393,
    0.46924686431884766,
    0.5224053859710693,
    0.4430057406425476,
    0.484668105840683,
    0.4577663540840149,
    0.4678001403808594,
    0.5316566228866577,
    0.455069363117218,
    0.41603437066078186,
    0.4762580990791321,
    0.4826720654964447,
    0.46238070726394653,
    0.48118752241134644,
    0.5033153295516968,
    0.483106791973114,
    0.4754790663719177,
    0.4921121597290039,
    0.44710445404052734,
    0.46783027052879333,
    0.4254903197288513,
    0.5084347128868103,
    0.5062860250473022,
    0.4592073857784271,
    0.4749305844306946,
    0.5042728185653687
  ],
  "accuracy": [
    0.7406250238418579,
    0.765625,
    0.765625,
    0.8031250238418579,
    0.753125011920929,
    0.828125,
    0.8374999761581421,
    0.7718750238418579,
    0.768750011920929,
    0.800000011920929,
    0.8187500238418579,
    0.809374988079071,
    0.8062499761581421,
    0.778124988079071,
    0.7562500238418579,
    0.8125,
    0.796875,
    0.7906249761581421,
    0.71875,
    0.762499988079071,
    0.765625,
    0.753125011920929,
    0.8031250238418579,
    0.762499988079071,
    0.7593749761581421,
    0.8531249761581421,
    0.800000011920929,
    0.793749988079071,
    0.831250011920929,
    0.7906249761581421,
    0.784375011920929,
    0.828125,
    0.824999988079071,
    0.793749988079071,
    0.800000011920929,
    0.793749988079071,
    0.7562500238418579,
    0.768750011920929,
    0.800000011920929,
    0.778124988079071,
    0.768750011920929,
    0.7875000238418579,
    0.778124988079071,
    0.778124988079071,
    0.796875,
    0.796875,
    0.768750011920929,
    0.8187500238418579,
    0.7593749761581421,
    0.78125,
    0.784375011920929,
    0.7562500238418579,
    0.815625011920929,
    0.7906249761581421,
    0.796875,
    0.796875,
    0.7562500238418579,
    0.800000011920929,
    0.796875,
    0.7875000238418579,
    0.8125,
    0.75,
    0.8062499761581421,
    0.784375011920929,
    0.7906249761581421,
    0.7593749761581421,
    0.7875000238418579,
    0.784375011920929,
    0.7718750238418579,
    0.828125,
    0.746874988079071,
    0.778124988079071,
    0.824999988079071,
    0.768750011920929,
    0.824999988079071,
    0.8187500238418579,
    0.746874988079071,
    0.8187500238418579,
    0.7906249761581421,
    0.8062499761581421,
    0.7875000238418579,
    0.737500011920929,
    0.7875000238418579,
    0.8187500238418579,
    0.7906249761581421,
    0.7749999761581421,
    0.793749988079071,
    0.784375011920929,
    0.8031250238418579,
    0.78125,
    0.793749988079071,
    0.7593749761581421,
    0.815625011920929,
    0.796875,
    0.824999988079071,
    0.7406250238418579,
    0.778124988079071,
    0.8125,
    0.800000011920929,
    0.7437499761581421
  ],
  "mean_absolute_error": [
    0.31068211793899536,
    0.27097323536872864,
    0.290286123752594,
    0.2792735993862152,
    0.3091719150543213,
    0.2806294560432434,
    0.25143715739250183,
    0.29675596952438354,
    0.2994784414768219,
    0.2873220145702362,
    0.27348482608795166,
    0.2804378867149353,
    0.28265148401260376,
    0.3016228675842285,
    0.313764750957489,
    0.29006993770599365,
    0.2960129380226135,
    0.2930060923099518,
    0.3469915986061096,
    0.3232942819595337,
    0.3121027946472168,
    0.32361942529678345,
    0.2995736598968506,
    0.3233424723148346,
    0.3316444754600525,
    0.2830843925476074,
    0.3104568123817444,
    0.3067227900028229,
    0.2895960211753845,
    0.31209367513656616,
    0.311796635389328,
    0.286821186542511,
    0.28398725390434265,
    0.2838459014892578,
    0.3027695119380951,
    0.30416443943977356,
    0.3324483633041382,
    0.31612318754196167,
    0.3006795048713684,
    0.3071739077568054,
    0.31561416387557983,
    0.3170540928840637,
    0.30037593841552734,
    0.31376558542251587,
    0.30490899085998535,
    0.3025585412979126,
    0.3113343119621277,
    0.2918100953102112,
    0.327075332403183,
    0.30303505063056946,
    0.30984634160995483,
    0.3307138979434967,
    0.28649088740348816,
    0.30109456181526184,
    0.29992300271987915,
    0.29445895552635193,
    0.3299105763435364,
    0.3091485798358917,
    0.3077233135700226,
    0.3118622303009033,
    0.30361542105674744,
    0.31674736738204956,
    0.31066063046455383,
    0.31113630533218384,
    0.3154168426990509,
    0.31250718235969543,
    0.31007033586502075,
    0.3156473934650421,
    0.3260735869407654,
    0.27967971563339233,
    0.32141613960266113,
    0.3179202079772949,
    0.27728506922721863,
    0.31914231181144714,
    0.2981167435646057,
    0.29996058344841003,
    0.32600918412208557,
    0.2940484285354614,
    0.30928438901901245,
    0.3001026511192322,
    0.3037777543067932,
    0.3292543888092041,
    0.3031338155269623,
    0.2862805724143982,
    0.30987855792045593,
    0.3092975318431854,
    0.30160751938819885,
    0.3099348545074463,
    0.31223148107528687,
    0.31477442383766174,
    0.3053519129753113,
    0.31606221199035645,
    0.2971891164779663,
    0.3069993555545807,
    0.28831416368484497,
    0.32806310057640076,
    0.32174259424209595,
    0.3031073212623596,
    0.30901336669921875,
    0.31913140416145325
  ],