{
  "loss": [
    0.9814721345901489,
    0.8111710548400879,
    0.7389269471168518,
    0.6588689684867859,
    0.6430440545082092,
    0.6729318499565125,
    0.637299120426178,
    0.6120141744613647,
    0.6194719076156616,
    0.6472209692001343,
    0.6094493269920349,
    0.6361221671104431,
    0.5911867022514343,
    0.5890151262283325,
    0.5808879137039185,
    0.5962738990783691,
    0.5803527235984802,
    0.5461819767951965,
    0.6469804644584656,
    0.5880399942398071,
    0.6005515456199646,
    0.5727980732917786,
    0.5645192861557007,
    0.5616992115974426,
    0.5921505689620972,
    0.5233727097511292,
    0.5540831685066223,
    0.5783597230911255,
    0.5978211760520935,
    0.5764034390449524,
    0.553330659866333,
    0.6193920373916626,
    0.5585139393806458,
    0.6014443635940552,
    0.5631521940231323,
    0.5781499147415161,
    0.5612277984619141,
    0.563551127910614,
    0.5633378624916077,
    0.5751227736473083,
    0.6095447540283203,
    0.528093695640564,
    0.5616084337234497,
    0.5590691566467285,
    0.5829667448997498,
    0.6158470511436462,
    0.5313288569450378,
    0.5581548810005188,
    0.5406763553619385,
    0.5937144160270691,
    0.5499428510665894,
    0.5628501176834106,
    0.5664747953414917,
    0.5703210234642029,
    0.5503289699554443,
    0.5297156572341919,
    0.5585249066352844,
    0.5413005948066711,
    0.5773707628250122,
    0.5628050565719604,
    0.5447021722793579,
    0.5676280856132507,
    0.5437919497489929,
    0.5453539490699768,
    0.5652163624763489,
    0.5617353916168213,
    0.5700281262397766,
    0.5955302119255066,
    0.5579352378845215,
    0.5637044906616211,
    0.5430298447608948,
    0.5540248155593872,
    0.5643512010574341,
    0.5836578607559204,
    0.5367250442504883,
    0.5797312259674072,
    0.5989529490470886,
    0.5828072428703308,
    0.5826613306999207,
    0.5646487474441528,
    0.5569902658462524,
    0.5423268675804138,
    0.5766323804855347,
    0.5553247928619385,
    0.5423935055732727,
    0.5936540365219116,
    0.5747596025466919,
    0.5713079571723938,
    0.5436801314353943,
    0.5171520113945007,
    0.5463838577270508,
    0.5682927370071411,
    0.5694694519042969,
    0.543891966342926,
    0.5918189287185669,
    0.5523380041122437,
    0.5551179647445679,
    0.5525819063186646,
    0.581367015838623,
    0.6094036102294922
  ],
  "accuracy": [
    0.40312498807907104,
    0.48124998807907104,
    0.528124988079071,
    0.6468750238418579,
    0.659375011920929,
    0.6187499761581421,
    0.659375011920929,
    0.7250000238418579,
    0.6812499761581421,
    0.6499999761581421,
    0.65625,
    0.690625011920929,
    0.746874988079071,
    0.71875,
    0.699999988079071,
    0.734375,
    0.715624988079071,
    0.734375,
    0.684374988079071,
    0.6968749761581421,
    0.71875,
    0.734375,
    0.734375,
    0.715624988079071,
    0.7124999761581421,
    0.78125,
    0.7406250238418579,
    0.721875011920929,
    0.6812499761581421,
    0.734375,
    0.7749999761581421,
    0.675000011920929,
    0.7562500238418579,
    0.721875011920929,
    0.7093750238418579,
    0.721875011920929,
    0.715624988079071,
    0.734375,
    0.734375,
    0.7250000238418579,
    0.706250011920929,
    0.793749988079071,
    0.7281249761581421,
    0.7250000238418579,
    0.7406250238418579,
    0.706250011920929,
    0.7718750238418579,
    0.721875011920929,
    0.734375,
    0.706250011920929,
    0.75,
    0.734375,
    0.753125011920929,
    0.731249988079071,
    0.762499988079071,
    0.762499988079071,
    0.7437499761581421,
    0.765625,
    0.734375,
    0.721875011920929,
    0.7437499761581421,
    0.731249988079071,
    0.746874988079071,
    0.762499988079071,
    0.734375,
    0.753125011920929,
    0.721875011920929,
    0.706250011920929,
    0.765625,
    0.7124999761581421,
    0.765625,
    0.7437499761581421,
    0.7406250238418579,
    0.734375,
    0.762499988079071,
    0.737500011920929,
    0.706250011920929,
    0.6937500238418579,
    0.75,
    0.7562500238418579,
    0.7406250238418579,
    0.734375,
    0.7281249761581421,
    0.7406250238418579,
    0.746874988079071,
    0.71875,
    0.7281249761581421,
    0.731249988079071,
    0.734375,
    0.765625,
    0.7250000238418579,
    0.7406250238418579,
    0.71875,
    0.71875,
    0.71875,
    0.7562500238418579,
    0.7281249761581421,
    0.737500011920929,
    0.7281249761581421,
    0.6968749761581421
  ],
  "mean_absolute_error": [
    0.5460058450698853,
    0.4928053021430969,
    0.4701956808567047,
    0.4254028797149658,
    0.42756137251853943,
    0.4328059256076813,
    0.4221270978450775,
    0.4035613536834717,
    0.4034651815891266,
    0.4180082380771637,
    0.4029543995857239,
    0.4097169041633606,
    0.3878471553325653,
    0.3842064440250397,
    0.38929349184036255,
    0.39256906509399414,
    0.38455748558044434,
    0.37077397108078003,
    0.4158765375614166,
    0.39036330580711365,
    0.39037007093429565,
    0.3792789876461029,
    0.3776826858520508,
    0.3796657919883728,
    0.39085519313812256,
    0.3652929365634918,
    0.368835985660553,
    0.3827671408653259,
    0.3936135768890381,
    0.37738436460494995,
    0.36606523394584656,
    0.4020462930202484,
    0.3757336735725403,
    0.38746410608291626,
    0.37745991349220276,
    0.38216543197631836,
    0.3761999011039734,
    0.3771248459815979,
    0.37537723779678345,
    0.37977373600006104,
    0.39347416162490845,
    0.35955649614334106,
    0.3765902817249298,
    0.3743046820163727,
    0.3840162754058838,
    0.39822104573249817,
    0.3656858801841736,
    0.37786805629730225,
    0.3676743805408478,
    0.38823044300079346,
    0.36781054735183716,
    0.374951034784317,
    0.373920738697052,
    0.38299137353897095,
    0.3663158714771271,
    0.3613044321537018,
    0.37292760610580444,
    0.36665815114974976,
    0.38229498267173767,
    0.3753146529197693,
    0.37275630235671997,
    0.375744491815567,
    0.37012189626693726,
    0.364814430475235,
    0.375375360250473,
    0.37055742740631104,
    0.3817209303379059,
    0.3857225775718689,
    0.37420570850372314,
    0.3799503445625305,
    0.36593392491340637,
    0.3708145022392273,
    0.37529584765434265,
    0.3864072561264038,
    0.369340717792511,
    0.37953853607177734,
    0.38846057653427124,
    0.3836929202079773,
    0.384428471326828,
    0.3731449544429779,
    0.37549594044685364,
    0.3677905201911926,
    0.38105595111846924,
    0.36874833703041077,
    0.3643724024295807,
    0.38730180263519287,
    0.38099581003189087,
    0.37906134128570557,
    0.3694620728492737,
    0.36131614446640015,
    0.36843475699424744,
    0.37734830379486084,
    0.3796498775482178,
    0.36628708243370056,
    0.38539785146713257,
    0.3688630759716034,
    0.37370017170906067,
    0.3721078336238861,
    0.3806302547454834,
    0.3964245915412903
  ],