{
  "loss": [
    0.8405565023422241,
    0.7405480146408081,
    0.6889258623123169,
    0.6776312589645386,
    0.6581820845603943,
    0.6287347674369812,
    0.6293985843658447,
    0.6235430240631104,
    0.6042180061340332,
    0.6551388502120972,
    0.6417580842971802,
    0.6599589586257935,
    0.5887713432312012,
    0.6296208500862122,
    0.5786346197128296,
    0.6452838182449341,
    0.587678074836731,
    0.6225041151046753,
    0.6327497959136963,
    0.6028544902801514,
    0.5969971418380737,
    0.5253890156745911,
    0.5957506895065308,
    0.6113482713699341,
    0.5646064877510071,
    0.5972777009010315,
    0.5738038420677185,
    0.5893214344978333,
    0.5989789962768555,
    0.6510374546051025,
    0.5935232639312744,
    0.5588412284851074,
    0.5654765367507935,
    0.6105251312255859,
    0.5651533007621765,
    0.6340736150741577,
    0.6201065182685852,
    0.5633770227432251,
    0.5957950353622437,
    0.5765506029129028,
    0.6320298314094543,
    0.5425564050674438,
    0.5565128326416016,
    0.5603867769241333,
    0.6013885140419006,
    0.542310357093811,
    0.5743455290794373,
    0.5320338606834412,
    0.5815250277519226,
    0.6137044429779053,
    0.5634104609489441,
    0.6015487909317017,
    0.6270624995231628,
    0.5448824167251587,
    0.5185531377792358,
    0.5358589887619019,
    0.6144684553146362,
    0.5719869136810303,
    0.589950680732727,
    0.5397562980651855,
    0.5351190567016602,
    0.5651277899742126,
    0.5723123550415039,
    0.5910173058509827,
    0.5372828245162964,
    0.5780478715896606,
    0.6312743425369263,
    0.5923503041267395,
    0.576508104801178,
    0.5774616599082947,
    0.5321446061134338,
    0.580377459526062,
    0.4969782829284668,
    0.5779324769973755,
    0.6158098578453064,
    0.5396996736526489,
    0.5555766820907593,
    0.5848631858825684,
    0.5555160641670227,
    0.6126903295516968,
    0.604945182800293,
    0.5361888408660889,
    0.5965412259101868,
    0.5663915872573853,
    0.5767272710800171,
    0.5452674031257629,
    0.5436390042304993,
    0.5818380117416382,
    0.5307488441467285,
    0.6180407404899597,
    0.5201035141944885,
    0.5811183452606201,
    0.573780357837677,
    0.6446727514266968,
    0.5602141618728638,
    0.5400487780570984,
    0.6343329548835754,
    0.6001266837120056,
    0.5904301404953003,
    0.5327304601669312
  ],
  "accuracy": [
    0.5874999761581421,
    0.6499999761581421,
    0.6937500238418579,
    0.659375011920929,
    0.6499999761581421,
    0.684374988079071,
    0.6781250238418579,
    0.6781250238418579,
    0.703125,
    0.65625,
    0.690625011920929,
    0.675000011920929,
    0.6937500238418579,
    0.690625011920929,
    0.721875011920929,
    0.690625011920929,
    0.7281249761581421,
    0.703125,
    0.668749988079071,
    0.6968749761581421,
    0.7093750238418579,
    0.7437499761581421,
    0.7250000238418579,
    0.6937500238418579,
    0.731249988079071,
    0.706250011920929,
    0.721875011920929,
    0.6875,
    0.715624988079071,
    0.6937500238418579,
    0.731249988079071,
    0.75,
    0.731249988079071,
    0.7093750238418579,
    0.734375,
    0.6812499761581421,
    0.715624988079071,
    0.7250000238418579,
    0.715624988079071,
    0.7406250238418579,
    0.699999988079071,
    0.784375011920929,
    0.715624988079071,
    0.753125011920929,
    0.715624988079071,
    0.7437499761581421,
    0.737500011920929,
    0.753125011920929,
    0.7124999761581421,
    0.703125,
    0.737500011920929,
    0.721875011920929,
    0.6781250238418579,
    0.7406250238418579,
    0.7562500238418579,
    0.731249988079071,
    0.6781250238418579,
    0.7124999761581421,
    0.7250000238418579,
    0.7562500238418579,
    0.7281249761581421,
    0.7281249761581421,
    0.7250000238418579,
    0.7250000238418579,
    0.753125011920929,
    0.706250011920929,
    0.684374988079071,
    0.71875,
    0.7124999761581421,
    0.721875011920929,
    0.800000011920929,
    0.731249988079071,
    0.765625,
    0.7093750238418579,
    0.699999988079071,
    0.731249988079071,
    0.737500011920929,
    0.7281249761581421,
    0.7281249761581421,
    0.706250011920929,
    0.690625011920929,
    0.762499988079071,
    0.7124999761581421,
    0.7281249761581421,
    0.699999988079071,
    0.734375,
    0.737500011920929,
    0.6875,
    0.7749999761581421,
    0.703125,
    0.7437499761581421,
    0.703125,
    0.715624988079071,
    0.6656249761581421,
    0.746874988079071,
    0.762499988079071,
    0.6968749761581421,
    0.715624988079071,
    0.7124999761581421,
    0.737500011920929
  ],
  "mean_absolute_error": [
    0.4371519982814789,
    0.3933303654193878,
    0.40274786949157715,
    0.40864911675453186,
    0.40387338399887085,
    0.39159202575683594,
    0.3953404724597931,
    0.3812181055545807,
    0.3822934925556183,
    0.4050754904747009,
    0.400002658367157,
    0.40164726972579956,
    0.38428637385368347,
    0.39760327339172363,
    0.37948447465896606,
    0.397610068321228,
    0.37872013449668884,
    0.3922790288925171,
    0.3970973491668701,
    0.3929620385169983,
    0.38810521364212036,
    0.3570985198020935,
    0.38042110204696655,
    0.38709187507629395,
    0.37273240089416504,
    0.3820571303367615,
    0.37716144323349,
    0.3849554657936096,
    0.3802616000175476,
    0.40235066413879395,
    0.3822826147079468,
    0.36963126063346863,
    0.3815099596977234,
    0.39672839641571045,
    0.3757565915584564,
    0.4014982283115387,
    0.39393699169158936,
    0.3772675096988678,
    0.3860551714897156,
    0.381912499666214,
    0.4015260636806488,
    0.3616817891597748,
    0.3758472800254822,
    0.37356632947921753,
    0.39033275842666626,
    0.3636440634727478,
    0.37874263525009155,
    0.3571524918079376,
    0.38077983260154724,
    0.39208438992500305,
    0.37446266412734985,
    0.38872069120407104,
    0.39701563119888306,
    0.3659681975841522,
    0.3547632396221161,
    0.36232128739356995,
    0.39334234595298767,
    0.37690800428390503,
    0.38017362356185913,
    0.35964876413345337,
    0.3634253144264221,
    0.3696022927761078,
    0.37988099455833435,
    0.38256391882896423,
    0.35891851782798767,
    0.3826901316642761,
    0.4041687846183777,
    0.3828626275062561,
    0.38203638792037964,
    0.3791160583496094,
    0.35234934091567993,
    0.3797270655632019,
    0.34609609842300415,
    0.37604567408561707,
    0.39444559812545776,
    0.36438512802124023,
    0.3727279603481293,
    0.3769676089286804,
    0.37254804372787476,
    0.39239633083343506,
    0.3911427855491638,
    0.36210376024246216,
    0.3864367604255676,
    0.373177707195282,
    0.3789539933204651,
    0.3586210608482361,
    0.36488282680511475,
    0.37873026728630066,
    0.3590947687625885,
    0.3918662965297699,
    0.3587185740470886,
    0.38443523645401,
    0.375776469707489,
    0.4047737121582031,
    0.3675486743450165,
    0.3614910840988159,
    0.39806199073791504,
    0.3873608410358429,
    0.38357558846473694,
    0.3613882064819336
  ],