{
  "loss": [
    0.8129327893257141,
    0.7443714141845703,
    0.6923649907112122,
    0.5701084136962891,
    0.6364651322364807,
    0.683072030544281,
    0.5874353647232056,
    0.5784389972686768,
    0.5983772873878479,
    0.5641314387321472,
    0.569649875164032,
    0.6043869853019714,
    0.5676006078720093,
    0.5482709407806396,
    0.596955418586731,
    0.5155748128890991,
    0.5418950915336609,
    0.5650631189346313,
    0.5842863321304321,
    0.5790979862213135,
    0.6025158762931824,
    0.5582238435745239,
    0.5773788094520569,
    0.5627294182777405,
    0.5704385042190552,
    0.5254504084587097,
    0.5797000527381897,
    0.5520603656768799,
    0.5450664162635803,
    0.6599534749984741,
    0.5428615212440491,
    0.579504132270813,
    0.5348095893859863,
    0.5052264928817749,
    0.5082743167877197,
    0.5889290571212769,
    0.5570136308670044,
    0.5601648688316345,
    0.4696609079837799,
    0.5253418684005737,
    0.5811957716941833,
    0.5087953805923462,
    0.5360085368156433,
    0.5658612847328186,
    0.5198656916618347,
    0.5474809408187866,
    0.5506895780563354,
    0.5102697014808655,
    0.5085026025772095,
    0.5103546977043152,
    0.5172624588012695,
    0.5971235036849976,
    0.5355333089828491,
    0.548416793346405,
    0.5680535435676575,
    0.5180822014808655,
    0.5416682958602905,
    0.5720857381820679,
    0.5373585224151611,
    0.5330392718315125,
    0.5089634656906128,
    0.5859254598617554,
    0.5323253870010376,
    0.547171950340271,
    0.5181056261062622,
    0.581289529800415,
    0.5175851583480835,
    0.5561311841011047,
    0.5574768781661987,
    0.5177454352378845,
    0.5576353073120117,
    0.5530362129211426,
    0.5870159864425659,
    0.5926035642623901,
    0.5884749889373779,
    0.5193862318992615,
    0.5580724477767944,
    0.5622893571853638,
    0.512962281703949,
    0.5588908195495605,
    0.5483754873275757,
    0.5474417805671692,
    0.5482209920883179,
    0.5932943820953369,
    0.5448800325393677,
    0.5708850622177124,
    0.5085463523864746,
    0.4977923035621643,
    0.49797362089157104,
    0.501578152179718,
    0.6035652160644531,
    0.5944994688034058,
    0.5810037851333618,
    0.5368217825889587,
    0.5591853857040405,
    0.5934594869613647,
    0.5479548573493958,
    0.5642973184585571,
    0.5525243878364563,
    0.5321086645126343
  ],
  "accuracy": [
    0.6031249761581421,
    0.684374988079071,
    0.7093750238418579,
    0.734375,
    0.7124999761581421,
    0.6781250238418579,
    0.7281249761581421,
    0.734375,
    0.7281249761581421,
    0.7749999761581421,
    0.7593749761581421,
    0.7124999761581421,
    0.7093750238418579,
    0.737500011920929,
    0.746874988079071,
    0.7406250238418579,
    0.762499988079071,
    0.737500011920929,
    0.753125011920929,
    0.75,
    0.7250000238418579,
    0.746874988079071,
    0.721875011920929,
    0.71875,
    0.746874988079071,
    0.753125011920929,
    0.7562500238418579,
    0.75,
    0.75,
    0.699999988079071,
    0.7749999761581421,
    0.7250000238418579,
    0.778124988079071,
    0.768750011920929,
    0.7875000238418579,
    0.734375,
    0.737500011920929,
    0.765625,
    0.800000011920929,
    0.765625,
    0.721875011920929,
    0.78125,
    0.7749999761581421,
    0.734375,
    0.768750011920929,
    0.746874988079071,
    0.746874988079071,
    0.768750011920929,
    0.7875000238418579,
    0.7749999761581421,
    0.746874988079071,
    0.71875,
    0.7281249761581421,
    0.765625,
    0.71875,
    0.796875,
    0.762499988079071,
    0.746874988079071,
    0.768750011920929,
    0.7406250238418579,
    0.7718750238418579,
    0.753125011920929,
    0.78125,
    0.753125011920929,
    0.753125011920929,
    0.706250011920929,
    0.784375011920929,
    0.746874988079071,
    0.7406250238418579,
    0.7593749761581421,
    0.75,
    0.731249988079071,
    0.7093750238418579,
    0.737500011920929,
    0.721875011920929,
    0.768750011920929,
    0.753125011920929,
    0.7250000238418579,
    0.765625,
    0.737500011920929,
    0.7406250238418579,
    0.765625,
    0.746874988079071,
    0.731249988079071,
    0.7562500238418579,
    0.7281249761581421,
    0.7593749761581421,
    0.762499988079071,
    0.796875,
    0.796875,
    0.7281249761581421,
    0.715624988079071,
    0.734375,
    0.7749999761581421,
    0.765625,
    0.7437499761581421,
    0.75,
    0.7437499761581421,
    0.75,
    0.7593749761581421
  ],
  "mean_absolute_error": [
    0.4016628861427307,
    0.3620399236679077,
    0.3481917083263397,
    0.33219674229621887,
    0.35589319467544556,
    0.3693069815635681,
    0.34095969796180725,
    0.33369308710098267,
    0.3443761169910431,
    0.3354199528694153,
    0.3362467288970947,
    0.364188015460968,
    0.3542502224445343,
    0.3457544445991516,
    0.3506777584552765,
    0.32869499921798706,
    0.3330238461494446,
    0.3452548682689667,
    0.3469933867454529,
    0.35390064120292664,
    0.35653194785118103,
    0.3524306118488312,
    0.3591426610946655,
    0.35852324962615967,
    0.35954731702804565,
    0.3496793508529663,
    0.35368746519088745,
    0.34517377614974976,
    0.33494871854782104,
    0.374359130859375,
    0.3390228748321533,
    0.35649675130844116,
    0.34256938099861145,
    0.3338032066822052,
    0.32888898253440857,
    0.3606756329536438,
    0.3478052318096161,
    0.350263774394989,
    0.3169916570186615,
    0.3345809876918793,
    0.3568599820137024,
    0.33239084482192993,
    0.3381727635860443,
    0.35544633865356445,
    0.3372783064842224,
    0.34562066197395325,
    0.3486618101596832,
    0.33378225564956665,
    0.33482104539871216,
    0.32856425642967224,
    0.3340616822242737,
    0.3637670874595642,
    0.34555917978286743,
    0.3470124900341034,
    0.3542523980140686,
    0.329832524061203,
    0.3412640690803528,
    0.3552541136741638,
    0.3417344093322754,
    0.3467286229133606,
    0.33064383268356323,
    0.3597636818885803,
    0.3414708077907562,
    0.3441992402076721,
    0.3351309299468994,
    0.36378875374794006,
    0.3396384119987488,
    0.3465459644794464,
    0.35184425115585327,
    0.33748501539230347,
    0.34758615493774414,
    0.3463297188282013,
    0.3607282340526581,
    0.3609263002872467,
    0.365818053483963,
    0.33432573080062866,
    0.351305216550827,
    0.35579749941825867,
    0.3376435935497284,
    0.3525051772594452,
    0.35374951362609863,
    0.34088730812072754,
    0.34792929887771606,
    0.36527296900749207,
    0.34064537286758423,
    0.3574879467487335,
    0.3340967893600464,
    0.3286457657814026,
    0.3252359628677368,
    0.3259340226650238,
    0.36560964584350586,
    0.3616926372051239,
    0.3596579134464264,
    0.34049010276794434,
    0.3418838083744049,
    0.3627127707004547,
    0.3455091416835785,
    0.349776953458786,
    0.3492580056190491,
    0.34163030982017517
  ],