{
  "loss": [
    0.6381553411483765,
    0.5845094323158264,
    0.5809373259544373,
    0.5013212561607361,
    0.5428227186203003,
    0.5787308812141418,
    0.5568589568138123,
    0.5155956745147705,
    0.5478036999702454,
    0.5547727346420288,
    0.5139557123184204,
    0.4919354021549225,
    0.560946524143219,
    0.5267565250396729,
    0.5489897727966309,
    0.5065299272537231,
    0.5434852242469788,
    0.5851949453353882,
    0.5773065090179443,
    0.5314241647720337,
    0.5844749808311462,
    0.5226660966873169,
    0.5184263586997986,
    0.5393995046615601,
    0.5527779459953308,
    0.5250710248947144,
    0.5490056276321411,
    0.5660803914070129,
    0.5251533389091492,
    0.555036187171936,
    0.5216423273086548,
    0.5293700098991394,
    0.4965108335018158,
    0.52256840467453,
    0.5022743940353394,
    0.5185604095458984,
    0.5679646730422974,
    0.5022851228713989,
    0.5730634927749634,
    0.4856351912021637,
    0.49587583541870117,
    0.46849188208580017,
    0.5580490827560425,
    0.5250318646430969,
    0.5197798013687134,
    0.5162336230278015,
    0.5384567379951477,
    0.5695278644561768,
    0.5243779420852661,
    0.5604889392852783,
    0.518125057220459,
    0.482562392950058,
    0.4979427456855774,
    0.548897922039032,
    0.5350569486618042,
    0.5102404356002808,
    0.5504060983657837,
    0.5447479486465454,
    0.4905673563480377,
    0.5787324905395508,
    0.518457293510437,
    0.5112127661705017,
    0.4756695628166199,
    0.5283216238021851,
    0.5350558161735535,
    0.539119303226471,
    0.4870198369026184,
    0.5314534902572632,
    0.50538569688797,
    0.4208161234855652,
    0.5154255032539368,
    0.4923704266548157,
    0.5740540623664856,
    0.5631639361381531,
    0.4866568446159363,
    0.5028217434883118,
    0.4825783669948578,
    0.4972684383392334,
    0.5068097710609436,
    0.46002012491226196,
    0.5164637565612793,
    0.550984263420105,
    0.5591608285903931,
    0.4864802360534668,
    0.5353255867958069,
    0.5049142837524414,
    0.49158090353012085,
    0.5173477530479431,
    0.5270417332649231,
    0.5374930500984192,
    0.5050334930419922,
    0.5359220504760742,
    0.47507938742637634,
    0.5294526219367981,
    0.501980185508728,
    0.5097412467002869,
    0.5093642473220825,
    0.5567380785942078,
    0.4872722625732422,
    0.508431613445282
  ],
  "accuracy": [
    0.7093750238418579,
    0.71875,
    0.731249988079071,
    0.7906249761581421,
    0.753125011920929,
    0.721875011920929,
    0.753125011920929,
    0.762499988079071,
    0.753125011920929,
    0.746874988079071,
    0.7749999761581421,
    0.765625,
    0.7437499761581421,
    0.75,
    0.746874988079071,
    0.746874988079071,
    0.7281249761581421,
    0.6875,
    0.71875,
    0.734375,
    0.7281249761581421,
    0.765625,
    0.746874988079071,
    0.7718750238418579,
    0.7593749761581421,
    0.765625,
    0.7593749761581421,
    0.7281249761581421,
    0.7593749761581421,
    0.753125011920929,
    0.7562500238418579,
    0.753125011920929,
    0.7906249761581421,
    0.746874988079071,
    0.7749999761581421,
    0.753125011920929,
    0.737500011920929,
    0.784375011920929,
    0.737500011920929,
    0.8062499761581421,
    0.784375011920929,
    0.8062499761581421,
    0.737500011920929,
    0.746874988079071,
    0.746874988079071,
    0.768750011920929,
    0.762499988079071,
    0.734375,
    0.753125011920929,
    0.737500011920929,
    0.7718750238418579,
    0.78125,
    0.7875000238418579,
    0.7562500238418579,
    0.7406250238418579,
    0.778124988079071,
    0.721875011920929,
    0.7749999761581421,
    0.7875000238418579,
    0.731249988079071,
    0.7562500238418579,
    0.7718750238418579,
    0.796875,
    0.7406250238418579,
    0.7562500238418579,
    0.746874988079071,
    0.800000011920929,
    0.753125011920929,
    0.778124988079071,
    0.8343750238418579,
    0.7562500238418579,
    0.762499988079071,
    0.71875,
    0.734375,
    0.7718750238418579,
    0.778124988079071,
    0.784375011920929,
    0.7749999761581421,
    0.768750011920929,
    0.8125,
    0.7718750238418579,
    0.7250000238418579,
    0.734375,
    0.7875000238418579,
    0.746874988079071,
    0.7875000238418579,
    0.7875000238418579,
    0.765625,
    0.778124988079071,
    0.762499988079071,
    0.762499988079071,
    0.75,
    0.784375011920929,
    0.75,
    0.762499988079071,
    0.7718750238418579,
    0.7593749761581421,
    0.7281249761581421,
    0.7749999761581421,
    0.778124988079071
  ],
  "mean_absolute_error": [
    0.3724084794521332,
    0.34788963198661804,
    0.35437095165252686,
    0.31579628586769104,
    0.34424811601638794,
    0.3694201409816742,
    0.357951819896698,
    0.34507760405540466,
    0.3616895377635956,
    0.36044880747795105,
    0.3396093547344208,
    0.3248446583747864,
    0.355611115694046,
    0.3491077721118927,
    0.3570083975791931,
    0.3413710296154022,
    0.3535258173942566,
    0.3725752830505371,
    0.37038540840148926,
    0.3463057577610016,
    0.3705766797065735,
    0.34807923436164856,
    0.34429609775543213,
    0.35013455152511597,
    0.36035770177841187,
    0.34258121252059937,
    0.3501572906970978,
    0.36312150955200195,
    0.3355160355567932,
    0.35469183325767517,
    0.34149447083473206,
    0.3414849638938904,
    0.33241552114486694,
    0.3479467034339905,
    0.3336164653301239,
    0.34069207310676575,
    0.35885530710220337,
    0.33821138739585876,
    0.36064743995666504,
    0.3315042555332184,
    0.33495527505874634,
    0.32056888937950134,
    0.34648844599723816,
    0.3367226719856262,
    0.34094834327697754,
    0.327402800321579,
    0.33903011679649353,
    0.3522043824195862,
    0.3393495976924896,
    0.35437193512916565,
    0.3353019058704376,
    0.32124924659729004,
    0.3281617760658264,
    0.35085439682006836,
    0.35279661417007446,
    0.33480721712112427,
    0.3570358455181122,
    0.3456481993198395,
    0.3295844495296478,
    0.35920125246047974,
    0.3399048447608948,
    0.3352234959602356,
    0.31756097078323364,
    0.34290993213653564,
    0.33949941396713257,
    0.34882447123527527,
    0.32232585549354553,
    0.34556958079338074,
    0.3325433135032654,
    0.29396241903305054,
    0.3368530869483948,
    0.3250885605812073,
    0.36033546924591064,
    0.35667306184768677,
    0.327454537153244,
    0.33153900504112244,
    0.3245384097099304,
    0.3274767994880676,
    0.33202672004699707,
    0.3121070861816406,
    0.3359984755516052,
    0.348100870847702,
    0.3570834994316101,
    0.3210093379020691,
    0.34924477338790894,
    0.32966142892837524,
    0.33083105087280273,
    0.3348449170589447,
    0.3355671763420105,
    0.3418385982513428,
    0.3329029977321625,
    0.34186285734176636,
    0.319108247756958,
    0.34407904744148254,
    0.3287918269634247,
    0.3340519368648529,
    0.3348100781440735,
    0.3567909598350525,
    0.3279317319393158,
    0.3318779766559601
  ],