{
  "loss": [
    0.810725212097168,
    0.642592191696167,
    0.6137868762016296,
    0.5681493878364563,
    0.5036383271217346,
    0.5669823884963989,
    0.5525808930397034,
    0.5297691226005554,
    0.4803500771522522,
    0.6093095541000366,
    0.5595675110816956,
    0.5415164828300476,
    0.5957432985305786,
    0.5669322609901428,
    0.539543628692627,
    0.55372554063797,
    0.5490582585334778,
    0.5207322835922241,
    0.5439168214797974,
    0.5776346921920776,
    0.5725922584533691,
    0.48819002509117126,
    0.5361389517784119,
    0.5450530052185059,
    0.5467222929000854,
    0.536008358001709,
    0.5349089503288269,
    0.5294772386550903,
    0.5321639776229858,
    0.5415903925895691,
    0.6071505546569824,
    0.6075851321220398,
    0.49229106307029724,
    0.5108867883682251,
    0.5255556106567383,
    0.5696632266044617,
    0.5357189178466797,
    0.5569944977760315,
    0.5318412780761719,
    0.5142398476600647,
    0.6177445650100708,
    0.5444531440734863,
    0.588558554649353,
    0.5140480995178223,
    0.5292996168136597,
    0.4953574240207672,
    0.5322922468185425,
    0.5046413540840149,
    0.5049034357070923,
    0.5196875929832458,
    0.4664180278778076,
    0.5249071717262268,
    0.5241070985794067,
    0.49900349974632263,
    0.5693947076797485,
    0.5231835246086121,
    0.561732292175293,
    0.5641351342201233,
    0.5300461053848267,
    0.5070000886917114,
    0.5506316423416138,
    0.5297673940658569,
    0.5344893932342529,
    0.515714704990387,
    0.5284190773963928,
    0.5959993600845337,
    0.5508788824081421,
    0.5355101823806763,
    0.5461872816085815,
    0.5048566460609436,
    0.5055159330368042,
    0.5121647715568542,
    0.5566515922546387,
    0.5514554381370544,
    0.5335935354232788,
    0.5140849351882935,
    0.5302280187606812,
    0.5139949917793274,
    0.5982303619384766,
    0.5354916453361511,
    0.5072455406188965,
    0.5681790113449097,
    0.47660836577415466,
    0.5698243379592896,
    0.5915296077728271,
    0.530401349067688,
    0.49209147691726685,
    0.5207502245903015,
    0.4968271255493164,
    0.5037791132926941,
    0.49488019943237305,
    0.5046297311782837,
    0.5163503885269165,
    0.5367461442947388,
    0.5537192821502686,
    0.5321680307388306,
    0.5327118039131165,
    0.4896189272403717,
    0.467857301235199,
    0.5170745849609375
  ],
  "accuracy": [
    0.5874999761581421,
    0.7093750238418579,
    0.671875,
    0.746874988079071,
    0.796875,
    0.7093750238418579,
    0.762499988079071,
    0.75,
    0.7718750238418579,
    0.7093750238418579,
    0.7250000238418579,
    0.75,
    0.715624988079071,
    0.731249988079071,
    0.7749999761581421,
    0.7093750238418579,
    0.737500011920929,
    0.7593749761581421,
    0.731249988079071,
    0.737500011920929,
    0.7281249761581421,
    0.800000011920929,
    0.753125011920929,
    0.734375,
    0.734375,
    0.7250000238418579,
    0.75,
    0.762499988079071,
    0.7562500238418579,
    0.762499988079071,
    0.7250000238418579,
    0.690625011920929,
    0.784375011920929,
    0.762499988079071,
    0.75,
    0.7124999761581421,
    0.753125011920929,
    0.7437499761581421,
    0.737500011920929,
    0.78125,
    0.6812499761581421,
    0.7718750238418579,
    0.703125,
    0.768750011920929,
    0.7593749761581421,
    0.7593749761581421,
    0.75,
    0.7749999761581421,
    0.778124988079071,
    0.746874988079071,
    0.831250011920929,
    0.762499988079071,
    0.753125011920929,
    0.7875000238418579,
    0.734375,
    0.768750011920929,
    0.737500011920929,
    0.715624988079071,
    0.778124988079071,
    0.7593749761581421,
    0.75,
    0.746874988079071,
    0.753125011920929,
    0.7718750238418579,
    0.7406250238418579,
    0.6968749761581421,
    0.737500011920929,
    0.746874988079071,
    0.734375,
    0.7718750238418579,
    0.784375011920929,
    0.75,
    0.7093750238418579,
    0.737500011920929,
    0.7562500238418579,
    0.7749999761581421,
    0.768750011920929,
    0.762499988079071,
    0.7124999761581421,
    0.7718750238418579,
    0.778124988079071,
    0.699999988079071,
    0.8062499761581421,
    0.721875011920929,
    0.6968749761581421,
    0.762499988079071,
    0.7718750238418579,
    0.7593749761581421,
    0.7906249761581421,
    0.7875000238418579,
    0.8031250238418579,
    0.8031250238418579,
    0.7749999761581421,
    0.734375,
    0.71875,
    0.78125,
    0.746874988079071,
    0.78125,
    0.8125,
    0.765625
  ],
  "mean_absolute_error": [
    0.43459001183509827,
    0.3562105596065521,
    0.3955366909503937,
    0.38091301918029785,
    0.3527354598045349,
    0.373923122882843,
    0.3587419092655182,
    0.35289448499679565,
    0.331321656703949,
    0.3809143900871277,
    0.36571791768074036,
    0.3649263381958008,
    0.3910195827484131,
    0.3841294050216675,
    0.3654482066631317,
    0.36981216073036194,
    0.36168983578681946,
    0.3585978150367737,
    0.3658345937728882,
    0.3722888231277466,
    0.37349194288253784,
    0.33984845876693726,
    0.3597906231880188,
    0.3579387068748474,
    0.36525964736938477,
    0.3658198416233063,
    0.36140474677085876,
    0.3545658588409424,
    0.3487558662891388,
    0.35225117206573486,
    0.38009101152420044,
    0.38840556144714355,
    0.3473389148712158,
    0.3537333905696869,
    0.3591017723083496,
    0.3779464066028595,
    0.3581225275993347,
    0.36529648303985596,
    0.35754716396331787,
    0.3475331664085388,
    0.3959161341190338,
    0.3635861277580261,
    0.3848950266838074,
    0.3550529479980469,
    0.36252570152282715,
    0.3443492352962494,
    0.36036741733551025,
    0.3456204831600189,
    0.34190863370895386,
    0.3538411855697632,
    0.32236912846565247,
    0.3499179482460022,
    0.35188907384872437,
    0.3337666392326355,
    0.37501612305641174,
    0.345485121011734,
    0.36637139320373535,
    0.3698800802230835,
    0.3557046949863434,
    0.3434918224811554,
    0.3614308536052704,
    0.35209789872169495,
    0.3579493463039398,
    0.3444579541683197,
    0.35299280285835266,
    0.3815704584121704,
    0.36572709679603577,
    0.3554779887199402,
    0.36230969429016113,
    0.347368061542511,
    0.34303706884384155,
    0.3497276306152344,
    0.36820822954177856,
    0.3633079528808594,
    0.35088229179382324,
    0.34975141286849976,
    0.3572462797164917,
    0.3504432439804077,
    0.3787625730037689,
    0.35085833072662354,
    0.34420397877693176,
    0.3699818253517151,
    0.3306995928287506,
    0.3702585995197296,
    0.3835209608078003,
    0.35736116766929626,
    0.3366890251636505,
    0.3499338924884796,
    0.3381398022174835,
    0.34040430188179016,
    0.338447630405426,
    0.33895552158355713,
    0.3493525981903076,
    0.3584490716457367,
    0.3673725724220276,
    0.35296037793159485,
    0.35657238960266113,
    0.33527129888534546,
    0.3241795003414154,
    0.3494858145713806
  ],