{
  "loss": [
    0.764812171459198,
    0.7269479036331177,
    0.661381721496582,
    0.5760805606842041,
    0.5784236192703247,
    0.5997177958488464,
    0.5936508178710938,
    0.5650162100791931,
    0.5401716828346252,
    0.5172761678695679,
    0.5709866881370544,
    0.6253573894500732,
    0.5535323619842529,
    0.5635862350463867,
    0.5745319724082947,
    0.5386862754821777,
    0.5297805070877075,
    0.5267273187637329,
    0.514106810092926,
    0.5530508756637573,
    0.6044870615005493,
    0.5301933884620667,
    0.549808144569397,
    0.5528103709220886,
    0.5075711011886597,
    0.516558051109314,
    0.524829626083374,
    0.5359152555465698,
    0.5122532844543457,
    0.5901778936386108,
    0.5208597183227539,
    0.5259174108505249,
    0.5404030084609985,
    0.5268028378486633,
    0.5460041165351868,
    0.5517242550849915,
    0.5347791910171509,
    0.5104310512542725,
    0.5458770990371704,
    0.49981051683425903,
    0.5397738218307495,
    0.5761345028877258,
    0.5764573812484741,
    0.5122848749160767,
    0.5391126275062561,
    0.5076675415039062,
    0.5835621953010559,
    0.567359447479248,
    0.5923814177513123,
    0.5355395078659058,
    0.5209545493125916,
    0.5526754856109619,
    0.5758253335952759,
    0.5704200863838196,
    0.5281574130058289,
    0.4926498532295227,
    0.5632739067077637,
    0.5141260623931885,
    0.5251546502113342,
    0.5179492235183716,
    0.46603506803512573,
    0.5544463992118835,
    0.551729679107666,
    0.5146806836128235,
    0.514568567276001,
    0.4538421630859375,
    0.5483816266059875,
    0.5151407122612,
    0.5021220445632935,
    0.4747350215911865,
    0.48802095651626587,
    0.5259182453155518,
    0.5423207879066467,
    0.5403321981430054,
    0.5552378296852112,
    0.5350700616836548,
    0.5477154850959778,
    0.5251614451408386,
    0.5220357775688171,
    0.5195431709289551,
    0.4756048619747162,
    0.5326467752456665,
    0.5097641944885254,
    0.501776933670044,
    0.5521265864372253,
    0.5357470512390137,
    0.538459300994873,
    0.5372185707092285,
    0.5200135707855225,
    0.5950011610984802,
    0.49995946884155273,
    0.5172525644302368,
    0.563283383846283,
    0.5547656416893005,
    0.5413995981216431,
    0.5175275802612305,
    0.5810778737068176,
    0.521621823310852,
    0.5328733325004578,
    0.5173084139823914
  ],
  "accuracy": [
    0.574999988079071,
    0.625,
    0.668749988079071,
    0.715624988079071,
    0.715624988079071,
    0.71875,
    0.734375,
    0.7124999761581421,
    0.7562500238418579,
    0.762499988079071,
    0.753125011920929,
    0.6499999761581421,
    0.7562500238418579,
    0.7718750238418579,
    0.7437499761581421,
    0.765625,
    0.7562500238418579,
    0.7718750238418579,
    0.8125,
    0.753125011920929,
    0.7124999761581421,
    0.7593749761581421,
    0.731249988079071,
    0.75,
    0.778124988079071,
    0.7562500238418579,
    0.765625,
    0.75,
    0.75,
    0.721875011920929,
    0.78125,
    0.753125011920929,
    0.746874988079071,
    0.753125011920929,
    0.7406250238418579,
    0.734375,
    0.7593749761581421,
    0.78125,
    0.734375,
    0.784375011920929,
    0.7437499761581421,
    0.7250000238418579,
    0.7406250238418579,
    0.768750011920929,
    0.7406250238418579,
    0.768750011920929,
    0.7406250238418579,
    0.7281249761581421,
    0.706250011920929,
    0.762499988079071,
    0.762499988079071,
    0.746874988079071,
    0.731249988079071,
    0.7437499761581421,
    0.7562500238418579,
    0.784375011920929,
    0.731249988079071,
    0.7749999761581421,
    0.753125011920929,
    0.78125,
    0.8062499761581421,
    0.7437499761581421,
    0.737500011920929,
    0.78125,
    0.765625,
    0.815625011920929,
    0.768750011920929,
    0.765625,
    0.768750011920929,
    0.8031250238418579,
    0.784375011920929,
    0.7593749761581421,
    0.7437499761581421,
    0.765625,
    0.75,
    0.765625,
    0.7562500238418579,
    0.7562500238418579,
    0.7593749761581421,
    0.7562500238418579,
    0.7718750238418579,
    0.7562500238418579,
    0.7562500238418579,
    0.7749999761581421,
    0.78125,
    0.7437499761581421,
    0.765625,
    0.768750011920929,
    0.784375011920929,
    0.734375,
    0.7749999761581421,
    0.778124988079071,
    0.7281249761581421,
    0.7437499761581421,
    0.746874988079071,
    0.762499988079071,
    0.7406250238418579,
    0.7593749761581421,
    0.7749999761581421,
    0.78125
  ],
  "mean_absolute_error": [
    0.44036492705345154,
    0.41914668679237366,
    0.4001309871673584,
    0.3769698739051819,
    0.3741984963417053,
    0.3768547475337982,
    0.3680967688560486,
    0.3638891279697418,
    0.34722429513931274,
    0.3440871834754944,
    0.36009663343429565,
    0.3888115882873535,
    0.3587852120399475,
    0.3605251908302307,
    0.3691357970237732,
    0.355445921421051,
    0.3501448333263397,
    0.3509175777435303,
    0.33424273133277893,
    0.345074325799942,
    0.36766475439071655,
    0.33917197585105896,
    0.3546218276023865,
    0.3505782186985016,
    0.3362576365470886,
    0.34444960951805115,
    0.3397896885871887,
    0.3449617028236389,
    0.343456506729126,
    0.36529216170310974,
    0.34452369809150696,
    0.34691905975341797,
    0.3512454032897949,
    0.33334457874298096,
    0.34831392765045166,
    0.3551684021949768,
    0.3415481448173523,
    0.3352011442184448,
    0.35177475214004517,
    0.3296796679496765,
    0.3497730791568756,
    0.3693757653236389,
    0.3621811270713806,
    0.3378683626651764,
    0.35575565695762634,
    0.33942675590515137,
    0.3693079650402069,
    0.36368826031684875,
    0.3688889741897583,
    0.35124093294143677,
    0.3450670540332794,
    0.3569682538509369,
    0.3680100440979004,
    0.36235982179641724,
    0.350007563829422,
    0.3341248631477356,
    0.35878700017929077,
    0.33784228563308716,
    0.34461167454719543,
    0.33998677134513855,
    0.3218141198158264,
    0.35889893770217896,
    0.3588240146636963,
    0.33884310722351074,
    0.34481510519981384,
    0.31287646293640137,
    0.3552885055541992,
    0.34390825033187866,
    0.34061622619628906,
    0.3277544677257538,
    0.3289467990398407,
    0.3432063162326813,
    0.35288411378860474,
    0.35413578152656555,
    0.3582937717437744,
    0.34925681352615356,
    0.356015145778656,
    0.34380921721458435,
    0.34466177225112915,
    0.3474963307380676,
    0.33105918765068054,
    0.34878894686698914,
    0.3377704620361328,
    0.33412301540374756,
    0.3510470390319824,
    0.35087665915489197,
    0.3510344624519348,
    0.3453962206840515,
    0.3407619595527649,
    0.3711880147457123,
    0.3380787670612335,
    0.3369539976119995,
    0.3638942837715149,
    0.3525839149951935,
    0.35650891065597534,
    0.3409716486930847,
    0.36614102125167847,
    0.34795746207237244,
    0.34779635071754456,
    0.3441329598426819
  ],