{
  "loss": [
    0.8138734698295593,
    0.615949273109436,
    0.6496404409408569,
    0.5666590929031372,
    0.5876255035400391,
    0.5637737512588501,
    0.5026599168777466,
    0.5103976726531982,
    0.5539658665657043,
    0.5207691192626953,
    0.5342596769332886,
    0.5760142803192139,
    0.5059815645217896,
    0.5618075132369995,
    0.5116416215896606,
    0.5227075219154358,
    0.4807922840118408,
    0.4997643828392029,
    0.48409074544906616,
    0.5692512392997742,
    0.508365273475647,
    0.517132580280304,
    0.5599848031997681,
    0.5066292881965637,
    0.5151451826095581,
    0.49924126267433167,
    0.5343028903007507,
    0.4820892810821533,
    0.5258393883705139,
    0.48862677812576294,
    0.5075081586837769,
    0.5177703499794006,
    0.5386967062950134,
    0.5232445001602173,
    0.5105116963386536,
    0.4970535337924957,
    0.5193484425544739,
    0.5474815368652344,
    0.5118051767349243,
    0.49442967772483826,
    0.5131983757019043,
    0.47846031188964844,
    0.513680100440979,
    0.4507811665534973,
    0.4929260313510895,
    0.48579293489456177,
    0.48306554555892944,
    0.49464550614356995,
    0.48301830887794495,
    0.5167578458786011,
    0.5259627103805542,
    0.48864632844924927,
    0.49137574434280396,
    0.5101966857910156,
    0.5172847509384155,
    0.49696215987205505,
    0.5220392346382141,
    0.5188533067703247,
    0.5381633043289185,
    0.49354153871536255,
    0.4442481994628906,
    0.451287180185318,
    0.4821898341178894,
    0.4910350739955902,
    0.4871242940425873,
    0.4835873246192932,
    0.4867474436759949,
    0.5397291779518127,
    0.4677482545375824,
    0.43450960516929626,
    0.5038479566574097,
    0.46116405725479126,
    0.5214589834213257,
    0.4961450695991516,
    0.4758841097354889,
    0.48888784646987915,
    0.47180265188217163,
    0.48264431953430176,
    0.47143450379371643,
    0.510678231716156,
    0.46899110078811646,
    0.4532737135887146,
    0.49133628606796265,
    0.48244744539260864,
    0.49456462264060974,
    0.4905713200569153,
    0.4801594316959381,
    0.5012713670730591,
    0.5094838738441467,
    0.5074249505996704,
    0.5325003862380981,
    0.49915021657943726,
    0.470895379781723,
    0.48773545026779175,
    0.43639859557151794,
    0.5709484815597534,
    0.4670897424221039,
    0.5101013779640198,
    0.490811824798584,
    0.4847036302089691
  ],
  "accuracy": [
    0.5562499761581421,
    0.7124999761581421,
    0.7250000238418579,
    0.737500011920929,
    0.737500011920929,
    0.746874988079071,
    0.809374988079071,
    0.765625,
    0.7749999761581421,
    0.753125011920929,
    0.765625,
    0.75,
    0.753125011920929,
    0.7562500238418579,
    0.7593749761581421,
    0.784375011920929,
    0.809374988079071,
    0.778124988079071,
    0.78125,
    0.746874988079071,
    0.778124988079071,
    0.7749999761581421,
    0.753125011920929,
    0.765625,
    0.765625,
    0.7875000238418579,
    0.753125011920929,
    0.800000011920929,
    0.762499988079071,
    0.778124988079071,
    0.778124988079071,
    0.768750011920929,
    0.7406250238418579,
    0.7562500238418579,
    0.78125,
    0.7593749761581421,
    0.765625,
    0.7406250238418579,
    0.7749999761581421,
    0.7875000238418579,
    0.778124988079071,
    0.784375011920929,
    0.7593749761581421,
    0.809374988079071,
    0.7718750238418579,
    0.7906249761581421,
    0.793749988079071,
    0.7562500238418579,
    0.800000011920929,
    0.7406250238418579,
    0.75,
    0.7906249761581421,
    0.784375011920929,
    0.768750011920929,
    0.7749999761581421,
    0.800000011920929,
    0.7593749761581421,
    0.7749999761581421,
    0.7593749761581421,
    0.793749988079071,
    0.8343750238418579,
    0.8218749761581421,
    0.7906249761581421,
    0.793749988079071,
    0.7749999761581421,
    0.828125,
    0.7437499761581421,
    0.746874988079071,
    0.8062499761581421,
    0.8218749761581421,
    0.768750011920929,
    0.796875,
    0.7718750238418579,
    0.778124988079071,
    0.809374988079071,
    0.7749999761581421,
    0.793749988079071,
    0.8062499761581421,
    0.768750011920929,
    0.7718750238418579,
    0.8187500238418579,
    0.8031250238418579,
    0.7718750238418579,
    0.7906249761581421,
    0.800000011920929,
    0.800000011920929,
    0.8031250238418579,
    0.778124988079071,
    0.793749988079071,
    0.75,
    0.7437499761581421,
    0.78125,
    0.800000011920929,
    0.762499988079071,
    0.8125,
    0.7124999761581421,
    0.793749988079071,
    0.762499988079071,
    0.78125,
    0.793749988079071
  ],
  "mean_absolute_error": [
    0.4630407392978668,
    0.34707486629486084,
    0.3215711712837219,
    0.3039033114910126,
    0.30993467569351196,
    0.30745118856430054,
    0.2883542776107788,
    0.2983979880809784,
    0.31096863746643066,
    0.31063610315322876,
    0.3013703525066376,
    0.33048877120018005,
    0.3110622763633728,
    0.3384454548358917,
    0.3211640417575836,
    0.31725114583969116,
    0.3099084794521332,
    0.30987489223480225,
    0.3062121272087097,
    0.33617186546325684,
    0.3175559937953949,
    0.3170769512653351,
    0.342374324798584,
    0.3196008503437042,
    0.3228136897087097,
    0.31234773993492126,
    0.32589834928512573,
    0.32327744364738464,
    0.33129972219467163,
    0.318040132522583,
    0.3219890296459198,
    0.35047808289527893,
    0.3588504493236542,
    0.35235434770584106,
    0.3329300284385681,
    0.3243783712387085,
    0.32849952578544617,
    0.34506955742836,
    0.3286316990852356,
    0.3143278956413269,
    0.32601654529571533,
    0.3067229390144348,
    0.33275049924850464,
    0.30480054020881653,
    0.3205872178077698,
    0.3149574398994446,
    0.31131330132484436,
    0.3239358067512512,
    0.31244954466819763,
    0.3334541916847229,
    0.3392717242240906,
    0.32419759035110474,
    0.32295387983322144,
    0.3334926962852478,
    0.3342494070529938,
    0.31767863035202026,
    0.3385300934314728,
    0.33260250091552734,
    0.337529718875885,
    0.32012128829956055,
    0.30047187209129333,
    0.29921454191207886,
    0.32017189264297485,
    0.3182869553565979,
    0.3226127028465271,
    0.3172037899494171,
    0.32077425718307495,
    0.33925896883010864,
    0.317515105009079,
    0.2991495728492737,
    0.3242514729499817,
    0.30763566493988037,
    0.33253157138824463,
    0.3239133059978485,
    0.3076969385147095,
    0.3246936798095703,
    0.3074232339859009,
    0.31721100211143494,
    0.3152678310871124,
    0.32023534178733826,
    0.31196245551109314,
    0.3056209981441498,
    0.31641411781311035,
    0.3122235834598541,
    0.3173653185367584,
    0.3208933472633362,
    0.31380802392959595,
    0.3206656873226166,
    0.32256048917770386,
    0.33035293221473694,
    0.33824601769447327,
    0.3240203857421875,
    0.3059089779853821,
    0.32159319519996643,
    0.2993626296520233,
    0.3531204164028168,
    0.30929678678512573,
    0.3274034261703491,
    0.3183472454547882,
    0.3201799988746643
  ],