{
  "loss": [
    0.759026825428009,
    0.648206889629364,
    0.7580356597900391,
    0.5728020668029785,
    0.5919452905654907,
    0.6040257215499878,
    0.5819302797317505,
    0.5330805778503418,
    0.5404187440872192,
    0.5901256799697876,
    0.5691818594932556,
    0.5693086385726929,
    0.5722909569740295,
    0.5670296549797058,
    0.5853946208953857,
    0.5322137475013733,
    0.5674576163291931,
    0.521773099899292,
    0.5275247097015381,
    0.5112472176551819,
    0.5436120629310608,
    0.5669240355491638,
    0.5552849173545837,
    0.5166881680488586,
    0.4956405758857727,
    0.5155644416809082,
    0.5423817038536072,
    0.5477827787399292,
    0.5552142858505249,
    0.56889408826828,
    0.5037526488304138,
    0.4945808947086334,
    0.4811989367008209,
    0.48609811067581177,
    0.5591992139816284,
    0.529030442237854,
    0.5067893266677856,
    0.5139685273170471,
    0.5003908276557922,
    0.5220218896865845,
    0.5519366264343262,
    0.47850990295410156,
    0.514365017414093,
    0.5164319276809692,
    0.5229505300521851,
    0.49336346983909607,
    0.5297942161560059,
    0.5628605484962463,
    0.47981518507003784,
    0.44376668334007263,
    0.4726351201534271,
    0.5090030431747437,
    0.5194755792617798,
    0.5755370855331421,
    0.4847889542579651,
    0.5083101987838745,
    0.48382076621055603,
    0.5274752974510193,
    0.5277619957923889,
    0.477072536945343,
    0.505142331123352,
    0.5123836994171143,
    0.5585911273956299,
    0.491486132144928,
    0.5034794211387634,
    0.47414740920066833,
    0.4699000418186188,
    0.5293922424316406,
    0.5101029872894287,
    0.49922698736190796,
    0.4802853465080261,
    0.5244850516319275,
    0.4973869323730469,
    0.5504473447799683,
    0.5012378692626953,
    0.45151883363723755,
    0.5195479393005371,
    0.43571439385414124,
    0.49453210830688477,
    0.5384598970413208,
    0.4945693612098694,
    0.4581676423549652,
    0.5102030634880066,
    0.5400172472000122,
    0.5328922271728516,
    0.5331774353981018,
    0.5835806131362915,
    0.4821232855319977,
    0.48908376693725586,
    0.5222375392913818,
    0.5215334296226501,
    0.5316791534423828,
    0.4787205755710602,
    0.49391913414001465,
    0.5756620764732361,
    0.4986415505409241,
    0.5279900431632996,
    0.48521357774734497,
    0.49221867322921753,
    0.4978303909301758
  ],
  "accuracy": [
    0.668749988079071,
    0.71875,
    0.59375,
    0.737500011920929,
    0.7250000238418579,
    0.7093750238418579,
    0.7281249761581421,
    0.753125011920929,
    0.7593749761581421,
    0.7093750238418579,
    0.731249988079071,
    0.71875,
    0.703125,
    0.715624988079071,
    0.731249988079071,
    0.75,
    0.737500011920929,
    0.7718750238418579,
    0.75,
    0.784375011920929,
    0.7281249761581421,
    0.7281249761581421,
    0.7593749761581421,
    0.768750011920929,
    0.778124988079071,
    0.778124988079071,
    0.762499988079071,
    0.7562500238418579,
    0.734375,
    0.7281249761581421,
    0.7875000238418579,
    0.800000011920929,
    0.8125,
    0.784375011920929,
    0.7562500238418579,
    0.78125,
    0.809374988079071,
    0.784375011920929,
    0.7875000238418579,
    0.784375011920929,
    0.7406250238418579,
    0.793749988079071,
    0.765625,
    0.7437499761581421,
    0.7875000238418579,
    0.78125,
    0.7562500238418579,
    0.731249988079071,
    0.7749999761581421,
    0.8374999761581421,
    0.8062499761581421,
    0.762499988079071,
    0.765625,
    0.731249988079071,
    0.784375011920929,
    0.796875,
    0.784375011920929,
    0.762499988079071,
    0.768750011920929,
    0.7718750238418579,
    0.7749999761581421,
    0.746874988079071,
    0.737500011920929,
    0.796875,
    0.778124988079071,
    0.7906249761581421,
    0.815625011920929,
    0.7718750238418579,
    0.768750011920929,
    0.7718750238418579,
    0.78125,
    0.753125011920929,
    0.753125011920929,
    0.746874988079071,
    0.7749999761581421,
    0.8187500238418579,
    0.731249988079071,
    0.8187500238418579,
    0.778124988079071,
    0.746874988079071,
    0.765625,
    0.800000011920929,
    0.762499988079071,
    0.7593749761581421,
    0.7437499761581421,
    0.746874988079071,
    0.7437499761581421,
    0.809374988079071,
    0.8062499761581421,
    0.7437499761581421,
    0.768750011920929,
    0.746874988079071,
    0.8062499761581421,
    0.796875,
    0.746874988079071,
    0.7749999761581421,
    0.753125011920929,
    0.7593749761581421,
    0.78125,
    0.765625
  ],
  "mean_absolute_error": [
    0.3478257656097412,
    0.359516441822052,
    0.4290328621864319,
    0.3713562488555908,
    0.3778823912143707,
    0.3827265202999115,
    0.3722262978553772,
    0.34786486625671387,
    0.33532431721687317,
    0.3604019284248352,
    0.353215754032135,
    0.3622216284275055,
    0.3515528738498688,
    0.3588609993457794,
    0.3614935278892517,
    0.3498592674732208,
    0.362461656332016,
    0.3465219736099243,
    0.3447490632534027,
    0.3323490023612976,
    0.3501257300376892,
    0.3540164828300476,
    0.35127192735671997,
    0.33348435163497925,
    0.3269226849079132,
    0.33317986130714417,
    0.34341031312942505,
    0.35189002752304077,
    0.3524278998374939,
    0.3597932755947113,
    0.3373569846153259,
    0.327824205160141,
    0.32833045721054077,
    0.3264654576778412,
    0.3499303460121155,
    0.3402593433856964,
    0.3284796476364136,
    0.3322080969810486,
    0.32818952202796936,
    0.33071884512901306,
    0.3515350818634033,
    0.3176974356174469,
    0.3339579999446869,
    0.33949828147888184,
    0.3404600918292999,
    0.33345720171928406,
    0.34353750944137573,
    0.3546239137649536,
    0.32367974519729614,
    0.30311450362205505,
    0.3176634907722473,
    0.3322821259498596,
    0.3344314694404602,
    0.3578161299228668,
    0.32604748010635376,
    0.3259236216545105,
    0.3238277733325958,
    0.3370049297809601,
    0.33845430612564087,
    0.3221854567527771,
    0.3308391273021698,
    0.3375648856163025,
    0.3535718321800232,
    0.32329827547073364,
    0.3308449983596802,
    0.32144561409950256,
    0.31995266675949097,
    0.33930379152297974,
    0.33196330070495605,
    0.33194541931152344,
    0.3168179988861084,
    0.34306561946868896,
    0.3320050835609436,
    0.35031965374946594,
    0.3286084830760956,
    0.30939945578575134,
    0.34280380606651306,
    0.3063550293445587,
    0.32942160964012146,
    0.3473869264125824,
    0.3256039321422577,
    0.3150333762168884,
    0.33219966292381287,
    0.342861533164978,
    0.3433780372142792,
    0.34369567036628723,
    0.36010318994522095,
    0.32165053486824036,
    0.32484179735183716,
    0.34053879976272583,
    0.34091776609420776,
    0.3470647633075714,
    0.3195487856864929,
    0.3246660828590393,
    0.36086246371269226,
    0.33235183358192444,
    0.3403385281562805,
    0.3319876790046692,
    0.32464584708213806,
    0.33161091804504395
  ],