{
  "loss": [
    1.018424153327942,
    1.0555312633514404,
    0.9851600527763367,
    0.8794122934341431,
    0.8365944027900696,
    0.8073652386665344,
    0.7836426496505737,
    0.761969804763794,
    0.7466533184051514,
    0.7218017578125,
    0.7257888317108154,
    0.6742100119590759,
    0.7183759808540344,
    0.6839777231216431,
    0.6574545502662659,
    0.7454935312271118,
    0.7038503289222717,
    0.6782318353652954,
    0.65973299741745,
    0.6441267728805542,
    0.6905955672264099,
    0.6318427324295044,
    0.6465665102005005,
    0.6465418934822083,
    0.6477295160293579,
    0.6282822489738464,
    0.6132866144180298,
    0.635103702545166,
    0.6720273494720459,
    0.6316248774528503,
    0.6278670430183411,
    0.6124504804611206,
    0.6407283544540405,
    0.6029972434043884,
    0.6298431158065796,
    0.6016631126403809,
    0.6104632616043091,
    0.6653677821159363,
    0.6192700862884521,
    0.611036479473114,
    0.5727416276931763,
    0.6359142065048218,
    0.5874349474906921,
    0.6306768655776978,
    0.5742971301078796,
    0.6148213744163513,
    0.6093668341636658,
    0.5941687822341919,
    0.6380578279495239,
    0.6667135953903198,
    0.6047362685203552,
    0.5869242548942566,
    0.5816839933395386,
    0.5944538116455078,
    0.5724294781684875,
    0.6174784898757935,
    0.6549848318099976,
    0.6312543153762817,
    0.6070071458816528,
    0.5625470876693726,
    0.5874672532081604,
    0.6293483376502991,
    0.6445158123970032,
    0.6199808120727539,
    0.5864993333816528,
    0.597697913646698,
    0.5943648219108582,
    0.5623385310173035,
    0.6012732982635498,
    0.6222891807556152,
    0.6067508459091187,
    0.6378489136695862,
    0.6318014860153198,
    0.6065877676010132,
    0.6086238622665405,
    0.6192612648010254,
    0.6419252157211304,
    0.6041573286056519,
    0.5927664637565613,
    0.5996875762939453,
    0.6027604937553406,
    0.5839002728462219,
    0.6035091280937195,
    0.6216737031936646,
    0.6028134226799011,
    0.563322901725769,
    0.5999667048454285,
    0.63692307472229,
    0.5991701483726501,
    0.610862135887146,
    0.6275064945220947,
    0.6283696889877319,
    0.5943566560745239,
    0.6465651392936707,
    0.6120084524154663,
    0.6494945287704468,
    0.5967203378677368,
    0.5878762006759644,
    0.6672623753547668,
    0.5999924540519714
  ],
  "accuracy": [
    0.46875,
    0.43437498807907104,
    0.4124999940395355,
    0.484375,
    0.4937500059604645,
    0.4937500059604645,
    0.48124998807907104,
    0.5406249761581421,
    0.550000011920929,
    0.5718749761581421,
    0.543749988079071,
    0.625,
    0.574999988079071,
    0.5625,
    0.6343749761581421,
    0.546875,
    0.606249988079071,
    0.578125,
    0.643750011920929,
    0.6312500238418579,
    0.590624988079071,
    0.6875,
    0.6343749761581421,
    0.640625,
    0.637499988079071,
    0.6468750238418579,
    0.668749988079071,
    0.659375011920929,
    0.6312500238418579,
    0.668749988079071,
    0.6468750238418579,
    0.690625011920929,
    0.621874988079071,
    0.6937500238418579,
    0.684374988079071,
    0.6875,
    0.6875,
    0.6656249761581421,
    0.668749988079071,
    0.6812499761581421,
    0.731249988079071,
    0.643750011920929,
    0.75,
    0.668749988079071,
    0.721875011920929,
    0.6968749761581421,
    0.706250011920929,
    0.6937500238418579,
    0.671875,
    0.6499999761581421,
    0.675000011920929,
    0.684374988079071,
    0.7562500238418579,
    0.7124999761581421,
    0.71875,
    0.671875,
    0.6312500238418579,
    0.659375011920929,
    0.703125,
    0.7406250238418579,
    0.6875,
    0.668749988079071,
    0.653124988079071,
    0.6812499761581421,
    0.7124999761581421,
    0.706250011920929,
    0.703125,
    0.734375,
    0.6937500238418579,
    0.703125,
    0.7093750238418579,
    0.6499999761581421,
    0.684374988079071,
    0.690625011920929,
    0.6937500238418579,
    0.6781250238418579,
    0.6781250238418579,
    0.6937500238418579,
    0.7124999761581421,
    0.734375,
    0.703125,
    0.7437499761581421,
    0.703125,
    0.684374988079071,
    0.690625011920929,
    0.7093750238418579,
    0.690625011920929,
    0.6625000238418579,
    0.699999988079071,
    0.699999988079071,
    0.6937500238418579,
    0.675000011920929,
    0.6875,
    0.668749988079071,
    0.6625000238418579,
    0.653124988079071,
    0.671875,
    0.731249988079071,
    0.640625,
    0.6937500238418579
  ],
  "mean_absolute_error": [
    0.5083169937133789,
    0.5428432822227478,
    0.5399351716041565,
    0.5146823525428772,
    0.5017501711845398,
    0.5009795427322388,
    0.49449267983436584,
    0.4858287274837494,
    0.4748709797859192,
    0.46714314818382263,
    0.4684616029262543,
    0.45092958211898804,
    0.4642273485660553,
    0.4557190537452698,
    0.44333750009536743,
    0.4778212904930115,
    0.46094417572021484,
    0.45854735374450684,
    0.4477168023586273,
    0.44461193680763245,
    0.46055570244789124,
    0.43113452196121216,
    0.44174617528915405,
    0.43767356872558594,
    0.44430503249168396,
    0.4319447875022888,
    0.4270637631416321,
    0.4349513649940491,
    0.4504063129425049,
    0.4333402216434479,
    0.43108630180358887,
    0.42320147156715393,
    0.4355486035346985,
    0.4204419255256653,
    0.42754417657852173,
    0.4169817864894867,
    0.4186576306819916,
    0.4416658282279968,
    0.42293494939804077,
    0.418377161026001,
    0.40365466475486755,
    0.4324924051761627,
    0.41171544790267944,
    0.42567652463912964,
    0.40245184302330017,
    0.4180401861667633,
    0.41704970598220825,
    0.41222643852233887,
    0.42583727836608887,
    0.4426340162754059,
    0.41690540313720703,
    0.41043034195899963,
    0.4039384722709656,
    0.408337265253067,
    0.4004717469215393,
    0.4170842170715332,
    0.43272536993026733,
    0.42691460251808167,
    0.4162401258945465,
    0.39825981855392456,
    0.4054048955440521,
    0.42577099800109863,
    0.4291228652000427,
    0.4177938997745514,
    0.4032014012336731,
    0.40808922052383423,
    0.4082881510257721,
    0.3940892219543457,
    0.4134717583656311,
    0.419912725687027,
    0.4171290397644043,
    0.42790287733078003,
    0.4253712296485901,
    0.4154775142669678,
    0.4156162738800049,
    0.41843509674072266,
    0.42897409200668335,
    0.41264182329177856,
    0.4081030488014221,
    0.4088718295097351,
    0.411342054605484,
    0.4069206714630127,
    0.4095396399497986,
    0.4200466275215149,
    0.4140360951423645,
    0.397461473941803,
    0.41153866052627563,
    0.4280332028865814,
    0.41276246309280396,
    0.41593241691589355,
    0.4267202317714691,
    0.42469778656959534,
    0.40912580490112305,
    0.43122100830078125,
    0.41944998502731323,
    0.4293261468410492,
    0.4109138548374176,
    0.4053348898887634,
    0.4377009868621826,
    0.4144595265388489
  ],