{
  "loss": [
    0.7337075471878052,
    0.6937461495399475,
    0.6273449659347534,
    0.6572028994560242,
    0.5996715426445007,
    0.5703867077827454,
    0.6256985068321228,
    0.6426197290420532,
    0.624146580696106,
    0.5786077380180359,
    0.594336211681366,
    0.5883899331092834,
    0.574074387550354,
    0.5809630155563354,
    0.6012487411499023,
    0.5700357556343079,
    0.5732619166374207,
    0.5698902606964111,
    0.5583666563034058,
    0.5866979360580444,
    0.5949898362159729,
    0.5833533406257629,
    0.5592615604400635,
    0.5646848678588867,
    0.6135097742080688,
    0.5604192018508911,
    0.5658541917800903,
    0.5742467045783997,
    0.5478097200393677,
    0.6411218643188477,
    0.5811378359794617,
    0.597173810005188,
    0.5837343335151672,
    0.6070356965065002,
    0.5721539258956909,
    0.5751737952232361,
    0.5737110376358032,
    0.5652873516082764,
    0.6029413342475891,
    0.5795449614524841,
    0.6143025159835815,
    0.5719155073165894,
    0.6251844167709351,
    0.5962414741516113,
    0.6035650372505188,
    0.5893646478652954,
    0.5858992338180542,
    0.5465116500854492,
    0.5776468515396118,
    0.5821565389633179,
    0.5769328474998474,
    0.5898653864860535,
    0.5935534834861755,
    0.5841227769851685,
    0.5888715982437134,
    0.5461927652359009,
    0.5830786228179932,
    0.563705563545227,
    0.5840529203414917,
    0.5725020170211792,
    0.5971299409866333,
    0.5494211912155151,
    0.6044455766677856,
    0.5980860590934753,
    0.5633413791656494,
    0.5805252194404602,
    0.5879443883895874,
    0.5308658480644226,
    0.6386599540710449,
    0.604604959487915,
    0.5761477947235107,
    0.5454510450363159,
    0.5529872179031372,
    0.5299434065818787,
    0.6019694805145264,
    0.5552096962928772,
    0.5748152136802673,
    0.5722560286521912,
    0.5670307874679565,
    0.5504711270332336,
    0.5715831518173218,
    0.5490479469299316,
    0.5842621922492981,
    0.5712767839431763,
    0.5892783403396606,
    0.6307986974716187,
    0.5907158851623535,
    0.5790033936500549,
    0.5655162930488586,
    0.546444833278656,
    0.5610998868942261,
    0.6063833832740784,
    0.5604590177536011,
    0.6140961050987244,
    0.5793126821517944,
    0.5416910648345947,
    0.5852804183959961,
    0.5901176929473877,
    0.6084702014923096,
    0.5612216591835022
  ],
  "accuracy": [
    0.5,
    0.590624988079071,
    0.6625000238418579,
    0.625,
    0.703125,
    0.715624988079071,
    0.699999988079071,
    0.6625000238418579,
    0.6875,
    0.721875011920929,
    0.703125,
    0.721875011920929,
    0.7250000238418579,
    0.6937500238418579,
    0.7093750238418579,
    0.731249988079071,
    0.7250000238418579,
    0.731249988079071,
    0.753125011920929,
    0.71875,
    0.7093750238418579,
    0.715624988079071,
    0.7406250238418579,
    0.706250011920929,
    0.6781250238418579,
    0.731249988079071,
    0.7124999761581421,
    0.746874988079071,
    0.715624988079071,
    0.675000011920929,
    0.7562500238418579,
    0.7124999761581421,
    0.7124999761581421,
    0.6968749761581421,
    0.737500011920929,
    0.731249988079071,
    0.7250000238418579,
    0.721875011920929,
    0.7093750238418579,
    0.731249988079071,
    0.684374988079071,
    0.7124999761581421,
    0.6937500238418579,
    0.7093750238418579,
    0.7124999761581421,
    0.71875,
    0.715624988079071,
    0.75,
    0.7124999761581421,
    0.715624988079071,
    0.7124999761581421,
    0.6937500238418579,
    0.715624988079071,
    0.7281249761581421,
    0.6781250238418579,
    0.7562500238418579,
    0.706250011920929,
    0.762499988079071,
    0.721875011920929,
    0.706250011920929,
    0.6968749761581421,
    0.7437499761581421,
    0.675000011920929,
    0.706250011920929,
    0.7250000238418579,
    0.706250011920929,
    0.706250011920929,
    0.762499988079071,
    0.7093750238418579,
    0.6812499761581421,
    0.731249988079071,
    0.75,
    0.7593749761581421,
    0.7749999761581421,
    0.699999988079071,
    0.7437499761581421,
    0.715624988079071,
    0.703125,
    0.7250000238418579,
    0.7562500238418579,
    0.746874988079071,
    0.7406250238418579,
    0.721875011920929,
    0.715624988079071,
    0.699999988079071,
    0.684374988079071,
    0.715624988079071,
    0.6968749761581421,
    0.737500011920929,
    0.7562500238418579,
    0.753125011920929,
    0.6968749761581421,
    0.75,
    0.706250011920929,
    0.721875011920929,
    0.7562500238418579,
    0.731249988079071,
    0.6781250238418579,
    0.6875,
    0.703125
  ],
  "mean_absolute_error": [
    0.4930562973022461,
    0.4674084782600403,
    0.43969660997390747,
    0.4477805495262146,
    0.4177667498588562,
    0.3992267847061157,
    0.41805538535118103,
    0.4244443476200104,
    0.4185546338558197,
    0.39823833107948303,
    0.41269612312316895,
    0.40471887588500977,
    0.4002636969089508,
    0.39931339025497437,
    0.4064945578575134,
    0.3935655951499939,
    0.3935684263706207,
    0.3909497559070587,
    0.3817724585533142,
    0.3976091146469116,
    0.4020095467567444,
    0.3994545340538025,
    0.38517093658447266,
    0.3874692916870117,
    0.4071296155452728,
    0.3834187388420105,
    0.38567274808883667,
    0.38618171215057373,
    0.38009047508239746,
    0.42033833265304565,
    0.3898022174835205,
    0.400660902261734,
    0.39405378699302673,
    0.4090213179588318,
    0.3911709487438202,
    0.3939247727394104,
    0.3954426646232605,
    0.3876838684082031,
    0.4063147008419037,
    0.3888005018234253,
    0.41084805130958557,
    0.3911445736885071,
    0.41364216804504395,
    0.40337100625038147,
    0.4082903265953064,
    0.39873260259628296,
    0.39868396520614624,
    0.38233205676078796,
    0.3950183689594269,
    0.3970232307910919,
    0.3947960436344147,
    0.400458961725235,
    0.40179452300071716,
    0.39833080768585205,
    0.4004814028739929,
    0.3821238577365875,
    0.39884623885154724,
    0.3892783224582672,
    0.3930005431175232,
    0.39161694049835205,
    0.4013180732727051,
    0.3853916823863983,
    0.404854953289032,
    0.40488091111183167,
    0.3873615860939026,
    0.3957284092903137,
    0.40035709738731384,
    0.37252265214920044,
    0.4196470379829407,
    0.40512585639953613,
    0.38819143176078796,
    0.37916913628578186,
    0.3812299370765686,
    0.373756468296051,
    0.40435105562210083,
    0.3843294084072113,
    0.39350828528404236,
    0.38995155692100525,
    0.3916108012199402,
    0.37951749563217163,
    0.390155166387558,
    0.3819872736930847,
    0.3988669514656067,
    0.3931507468223572,
    0.39997950196266174,
    0.41614431142807007,
    0.3974965214729309,
    0.39608198404312134,
    0.39199209213256836,
    0.38066762685775757,
    0.386394202709198,
    0.4060807228088379,
    0.3861271142959595,
    0.40949535369873047,
    0.39767494797706604,
    0.37794074416160583,
    0.3948902487754822,
    0.4003985524177551,
    0.4084605276584625,
    0.3879848122596741
  ],