{
  "loss": [
    0.7431541681289673,
    0.657306432723999,
    0.5759520530700684,
    0.5839484930038452,
    0.6040053367614746,
    0.537871241569519,
    0.6014419794082642,
    0.614115834236145,
    0.5211092233657837,
    0.6112287640571594,
    0.5405334234237671,
    0.48707932233810425,
    0.4586654305458069,
    0.5698603391647339,
    0.5156458616256714,
    0.4956122040748596,
    0.5630549192428589,
    0.5191517472267151,
    0.597863495349884,
    0.5059170722961426,
    0.4860212802886963,
    0.5100365877151489,
    0.5733720064163208,
    0.5411325097084045,
    0.5116673111915588,
    0.516822338104248,
    0.48210057616233826,
    0.5542473793029785,
    0.5206918716430664,
    0.5268003940582275,
    0.5454198718070984,
    0.4744572043418884,
    0.45844048261642456,
    0.5239392518997192,
    0.4770394265651703,
    0.5303156971931458,
    0.4466727375984192,
    0.48247820138931274,
    0.508793830871582,
    0.5234571695327759,
    0.5479844808578491,
    0.46527090668678284,
    0.5256404876708984,
    0.5216425061225891,
    0.40370792150497437,
    0.4626806676387787,
    0.4931882917881012,
    0.4472920000553131,
    0.5044565796852112,
    0.5103307366371155,
    0.516654372215271,
    0.489027202129364,
    0.48177433013916016,
    0.531080961227417,
    0.5024514198303223,
    0.5205162763595581,
    0.49101027846336365,
    0.4772629737854004,
    0.4431799352169037,
    0.4989601671695709,
    0.4837800860404968,
    0.5061579346656799,
    0.48483991622924805,
    0.47842130064964294,
    0.43835559487342834,
    0.5143406987190247,
    0.4706780016422272,
    0.529762864112854,
    0.5757995843887329,
    0.4629822373390198,
    0.5468388795852661,
    0.5152879953384399,
    0.4995303153991699,
    0.4822300970554352,
    0.4271114468574524,
    0.5234256982803345,
    0.49758028984069824,
    0.4820769727230072,
    0.5077676177024841,
    0.4543801248073578,
    0.44395262002944946,
    0.5217828750610352,
    0.4346802234649658,
    0.4784920811653137,
    0.5222684144973755,
    0.48446983098983765,
    0.5475773215293884,
    0.42901676893234253,
    0.5624098777770996,
    0.47790583968162537,
    0.5305308699607849,
    0.5196614861488342,
    0.41516637802124023,
    0.5092983841896057,
    0.48857229948043823,
    0.4849875867366791,
    0.5034173727035522,
    0.49888068437576294,
    0.5076944231987,
    0.47972115874290466
  ],
  "accuracy": [
    0.690625011920929,
    0.7093750238418579,
    0.7749999761581421,
    0.737500011920929,
    0.731249988079071,
    0.7562500238418579,
    0.7437499761581421,
    0.71875,
    0.7562500238418579,
    0.7593749761581421,
    0.7406250238418579,
    0.7718750238418579,
    0.8218749761581421,
    0.7437499761581421,
    0.762499988079071,
    0.78125,
    0.75,
    0.7593749761581421,
    0.7593749761581421,
    0.78125,
    0.7718750238418579,
    0.7875000238418579,
    0.7406250238418579,
    0.753125011920929,
    0.778124988079071,
    0.7593749761581421,
    0.7749999761581421,
    0.731249988079071,
    0.8031250238418579,
    0.765625,
    0.7124999761581421,
    0.796875,
    0.793749988079071,
    0.768750011920929,
    0.8031250238418579,
    0.78125,
    0.7906249761581421,
    0.796875,
    0.8031250238418579,
    0.768750011920929,
    0.765625,
    0.7718750238418579,
    0.762499988079071,
    0.7718750238418579,
    0.856249988079071,
    0.796875,
    0.765625,
    0.8125,
    0.784375011920929,
    0.762499988079071,
    0.7906249761581421,
    0.768750011920929,
    0.8062499761581421,
    0.7562500238418579,
    0.78125,
    0.7562500238418579,
    0.800000011920929,
    0.778124988079071,
    0.8031250238418579,
    0.778124988079071,
    0.8062499761581421,
    0.800000011920929,
    0.7906249761581421,
    0.768750011920929,
    0.8187500238418579,
    0.762499988079071,
    0.831250011920929,
    0.7906249761581421,
    0.71875,
    0.778124988079071,
    0.768750011920929,
    0.762499988079071,
    0.7749999761581421,
    0.796875,
    0.7906249761581421,
    0.7875000238418579,
    0.7875000238418579,
    0.778124988079071,
    0.7875000238418579,
    0.7906249761581421,
    0.8218749761581421,
    0.7718750238418579,
    0.8125,
    0.78125,
    0.75,
    0.8125,
    0.768750011920929,
    0.793749988079071,
    0.7562500238418579,
    0.784375011920929,
    0.762499988079071,
    0.7749999761581421,
    0.8125,
    0.7875000238418579,
    0.7718750238418579,
    0.7906249761581421,
    0.778124988079071,
    0.765625,
    0.7749999761581421,
    0.765625
  ],
  "mean_absolute_error": [
    0.36386004090309143,
    0.34012871980667114,
    0.29791831970214844,
    0.3255164623260498,
    0.33905187249183655,
    0.32064396142959595,
    0.3294244110584259,
    0.3432077467441559,
    0.3137083351612091,
    0.33256083726882935,
    0.3171010911464691,
    0.2976989150047302,
    0.2830478549003601,
    0.31912142038345337,
    0.3005630373954773,
    0.29673275351524353,
    0.31961995363235474,
    0.3182583749294281,
    0.32554954290390015,
    0.3093198537826538,
    0.2987043857574463,
    0.3019736707210541,
    0.3321968913078308,
    0.33215460181236267,
    0.3213844299316406,
    0.3141396641731262,
    0.3022521138191223,
    0.33548733592033386,
    0.3135969042778015,
    0.31886011362075806,
    0.33634358644485474,
    0.3028816282749176,
    0.30073001980781555,
    0.3219737708568573,
    0.306488573551178,
    0.31834056973457336,
    0.2929977774620056,
    0.29596051573753357,
    0.3063064217567444,
    0.31351321935653687,
    0.32652419805526733,
    0.29994624853134155,
    0.32196781039237976,
    0.32073113322257996,
    0.2743818163871765,
    0.2948588728904724,
    0.3036186695098877,
    0.2874574363231659,
    0.30871063470840454,
    0.31786829233169556,
    0.3089199364185333,
    0.31155508756637573,
    0.3009061813354492,
    0.324725478887558,
    0.31817689538002014,
    0.31462591886520386,
    0.2995610237121582,
    0.3020298182964325,
    0.285629540681839,
    0.3068487048149109,
    0.2975718677043915,
    0.3106084167957306,
    0.30703821778297424,
    0.3095918297767639,
    0.28239408135414124,
    0.3116990029811859,
    0.2893179655075073,
    0.31451544165611267,
    0.33614370226860046,
    0.30115801095962524,
    0.3268957734107971,
    0.3139706552028656,
    0.3086184561252594,
    0.29551851749420166,
    0.28590017557144165,
    0.3139144778251648,
    0.3034917116165161,
    0.29628536105155945,
    0.3152579367160797,
    0.2983171343803406,
    0.29033607244491577,
    0.31968045234680176,
    0.28553900122642517,
    0.30029213428497314,
    0.32138556241989136,
    0.29602915048599243,
    0.3226522207260132,
    0.2874491214752197,
    0.32999610900878906,
    0.2995430827140808,
    0.3186885416507721,
    0.3131157159805298,
    0.27932509779930115,
    0.3120153546333313,
    0.30528128147125244,
    0.30905336141586304,
    0.30652955174446106,
    0.31401604413986206,
    0.31120169162750244,
    0.30716320872306824
  ],