{
  "loss": [
    0.6677210330963135,
    0.6285791993141174,
    0.5792559385299683,
    0.5250469446182251,
    0.5182787179946899,
    0.5071368217468262,
    0.4922164976596832,
    0.522068440914154,
    0.4871193468570709,
    0.46750831604003906,
    0.5832169651985168,
    0.48792892694473267,
    0.5031286478042603,
    0.4579862952232361,
    0.5170350670814514,
    0.5166603922843933,
    0.5019447803497314,
    0.5118758082389832,
    0.5217505097389221,
    0.4419173300266266,
    0.5023636221885681,
    0.5038008689880371,
    0.5235792994499207,
    0.46103769540786743,
    0.43836456537246704,
    0.4927365183830261,
    0.4741911292076111,
    0.5634130239486694,
    0.45820340514183044,
    0.46223464608192444,
    0.49155646562576294,
    0.47142305970191956,
    0.4699753224849701,
    0.489220529794693,
    0.5130832195281982,
    0.5082241296768188,
    0.4740982949733734,
    0.5138870477676392,
    0.49152785539627075,
    0.48676109313964844,
    0.4806095063686371,
    0.5343722105026245,
    0.4690134525299072,
    0.44829362630844116,
    0.4972035884857178,
    0.5226844549179077,
    0.4716077446937561,
    0.5067586302757263,
    0.45050016045570374,
    0.5191478133201599,
    0.4985079765319824,
    0.4961453080177307,
    0.5348917245864868,
    0.46169623732566833,
    0.5049477815628052,
    0.43902653455734253,
    0.4697844088077545,
    0.4584480822086334,
    0.4689047336578369,
    0.4755813479423523,
    0.4503956735134125,
    0.4312836229801178,
    0.5281386971473694,
    0.4845842719078064,
    0.488211452960968,
    0.5227465629577637,
    0.46948808431625366,
    0.4913763105869293,
    0.5036014318466187,
    0.47817572951316833,
    0.5024859309196472,
    0.42015939950942993,
    0.491234689950943,
    0.5584840774536133,
    0.4705604016780853,
    0.49231696128845215,
    0.4617033004760742,
    0.43801823258399963,
    0.4260671138763428,
    0.44713249802589417,
    0.4849543571472168,
    0.46579957008361816,
    0.5327566266059875,
    0.4245341420173645,
    0.4923287332057953,
    0.5013888478279114,
    0.506504237651825,
    0.48452028632164,
    0.49278610944747925,
    0.47866812348365784,
    0.53180992603302,
    0.5061990022659302,
    0.473560094833374,
    0.4531613290309906,
    0.431867778301239,
    0.4445423483848572,
    0.46592360734939575,
    0.495474636554718,
    0.5289868116378784,
    0.5307797193527222
  ],
  "accuracy": [
    0.6781250238418579,
    0.7093750238418579,
    0.734375,
    0.7437499761581421,
    0.7437499761581421,
    0.746874988079071,
    0.778124988079071,
    0.7749999761581421,
    0.7749999761581421,
    0.784375011920929,
    0.762499988079071,
    0.765625,
    0.7906249761581421,
    0.8187500238418579,
    0.7875000238418579,
    0.768750011920929,
    0.7749999761581421,
    0.784375011920929,
    0.746874988079071,
    0.7875000238418579,
    0.7749999761581421,
    0.768750011920929,
    0.78125,
    0.78125,
    0.8374999761581421,
    0.7906249761581421,
    0.796875,
    0.762499988079071,
    0.831250011920929,
    0.784375011920929,
    0.765625,
    0.793749988079071,
    0.793749988079071,
    0.7718750238418579,
    0.778124988079071,
    0.7875000238418579,
    0.800000011920929,
    0.793749988079071,
    0.7875000238418579,
    0.793749988079071,
    0.8125,
    0.75,
    0.793749988079071,
    0.809374988079071,
    0.800000011920929,
    0.762499988079071,
    0.7906249761581421,
    0.793749988079071,
    0.8218749761581421,
    0.75,
    0.7718750238418579,
    0.778124988079071,
    0.753125011920929,
    0.784375011920929,
    0.753125011920929,
    0.8125,
    0.8031250238418579,
    0.8062499761581421,
    0.8062499761581421,
    0.7875000238418579,
    0.8062499761581421,
    0.815625011920929,
    0.7406250238418579,
    0.7906249761581421,
    0.768750011920929,
    0.731249988079071,
    0.7906249761581421,
    0.784375011920929,
    0.762499988079071,
    0.78125,
    0.784375011920929,
    0.8187500238418579,
    0.7906249761581421,
    0.746874988079071,
    0.7906249761581421,
    0.7718750238418579,
    0.800000011920929,
    0.796875,
    0.800000011920929,
    0.796875,
    0.7906249761581421,
    0.7875000238418579,
    0.7437499761581421,
    0.8187500238418579,
    0.746874988079071,
    0.7749999761581421,
    0.746874988079071,
    0.784375011920929,
    0.7749999761581421,
    0.793749988079071,
    0.7562500238418579,
    0.8031250238418579,
    0.7749999761581421,
    0.784375011920929,
    0.8031250238418579,
    0.824999988079071,
    0.793749988079071,
    0.762499988079071,
    0.762499988079071,
    0.7562500238418579
  ],
  "mean_absolute_error": [
    0.3867266774177551,
    0.3460628092288971,
    0.3430688977241516,
    0.3322364389896393,
    0.3309801518917084,
    0.32299381494522095,
    0.32124024629592896,
    0.333731085062027,
    0.3137068748474121,
    0.3102426528930664,
    0.34989818930625916,
    0.3213571310043335,
    0.3186851143836975,
    0.2986738681793213,
    0.3083241879940033,
    0.32426750659942627,
    0.319261372089386,
    0.3256818354129791,
    0.3388112783432007,
    0.30505305528640747,
    0.32445988059043884,
    0.32527273893356323,
    0.3307136595249176,
    0.31354308128356934,
    0.2915736436843872,
    0.3155055344104767,
    0.3064572215080261,
    0.3418794274330139,
    0.3056394159793854,
    0.306556761264801,
    0.3177514374256134,
    0.3074921667575836,
    0.30721020698547363,
    0.31371355056762695,
    0.3260539174079895,
    0.3229866623878479,
    0.3117225766181946,
    0.32723140716552734,
    0.31956925988197327,
    0.3133065402507782,
    0.3088357448577881,
    0.3387886881828308,
    0.3109606206417084,
    0.29551997780799866,
    0.3163345456123352,
    0.3262615203857422,
    0.31123536825180054,
    0.32052022218704224,
    0.29557836055755615,
    0.33206549286842346,
    0.31742334365844727,
    0.3178078234195709,
    0.3324715495109558,
    0.3066725730895996,
    0.32857027649879456,
    0.2950955629348755,
    0.30507150292396545,
    0.30237138271331787,
    0.3048470616340637,
    0.3104107975959778,
    0.29876017570495605,
    0.29293251037597656,
    0.3340391218662262,
    0.3122728765010834,
    0.3185878396034241,
    0.32931840419769287,
    0.30379897356033325,
    0.3142552375793457,
    0.32149308919906616,
    0.30955201387405396,
    0.32391971349716187,
    0.2842758297920227,
    0.3134901821613312,
    0.3374156653881073,
    0.3043428659439087,
    0.31969353556632996,
    0.3045103847980499,
    0.29669076204299927,
    0.29172664880752563,
    0.30389219522476196,
    0.3151845932006836,
    0.3073398470878601,
    0.33419379591941833,
    0.2913905084133148,
    0.32309427857398987,
    0.32078176736831665,
    0.31978362798690796,
    0.3096754848957062,
    0.3156031668186188,
    0.309003084897995,
    0.329028844833374,
    0.31568387150764465,
    0.3129970133304596,
    0.3041467070579529,
    0.29506611824035645,
    0.29502713680267334,
    0.30684369802474976,
    0.31796279549598694,
    0.3307613134384155,
    0.33432918787002563
  ],