{
  "loss": [
    0.6549361348152161,
    0.6357442736625671,
    0.5395593643188477,
    0.563643217086792,
    0.5583567023277283,
    0.49278655648231506,
    0.5200923681259155,
    0.5152470469474792,
    0.5028003454208374,
    0.474750280380249,
    0.4830494821071625,
    0.49808746576309204,
    0.5378793478012085,
    0.5254769921302795,
    0.5457731485366821,
    0.4646833539009094,
    0.47057151794433594,
    0.47994667291641235,
    0.48889437317848206,
    0.45711082220077515,
    0.4710754454135895,
    0.4246872365474701,
    0.4921714663505554,
    0.522686779499054,
    0.4755539000034332,
    0.5093963742256165,
    0.5294767618179321,
    0.4867344796657562,
    0.47801175713539124,
    0.5236562490463257,
    0.49177584052085876,
    0.5257969498634338,
    0.45284780859947205,
    0.4828442633152008,
    0.4808751046657562,
    0.5287516117095947,
    0.4796081483364105,
    0.4568815231323242,
    0.4953288435935974,
    0.47754472494125366,
    0.457730770111084,
    0.4476606249809265,
    0.46305379271507263,
    0.4257168769836426,
    0.44547319412231445,
    0.5244430303573608,
    0.49223852157592773,
    0.48302024602890015,
    0.4871218800544739,
    0.39929160475730896,
    0.49283933639526367,
    0.42607951164245605,
    0.4969482421875,
    0.4788877069950104,
    0.4937213957309723,
    0.4425157904624939,
    0.4724855422973633,
    0.45489200949668884,
    0.5190289616584778,
    0.40569180250167847,
    0.47633686661720276,
    0.4233577251434326,
    0.45044398307800293,
    0.44608354568481445,
    0.5190588235855103,
    0.49860677123069763,
    0.4568028450012207,
    0.49292975664138794,
    0.4936853349208832,
    0.40919193625450134,
    0.496293306350708,
    0.43388471007347107,
    0.4571198523044586,
    0.4787997305393219,
    0.5142014622688293,
    0.5014666318893433,
    0.38479357957839966,
    0.4937662184238434,
    0.4440642297267914,
    0.43578362464904785,
    0.4648704528808594,
    0.43860822916030884,
    0.49864643812179565,
    0.4371785521507263,
    0.4618275761604309,
    0.4718523919582367,
    0.5084853172302246,
    0.4798300862312317,
    0.4715433120727539,
    0.45996150374412537,
    0.47585636377334595,
    0.44318515062332153,
    0.48683294653892517,
    0.47405582666397095,
    0.43461841344833374,
    0.5056086778640747,
    0.44978609681129456,
    0.5103636980056763,
    0.4537333548069,
    0.5390784740447998
  ],
  "accuracy": [
    0.706250011920929,
    0.6968749761581421,
    0.7593749761581421,
    0.7250000238418579,
    0.746874988079071,
    0.753125011920929,
    0.7593749761581421,
    0.734375,
    0.7562500238418579,
    0.8031250238418579,
    0.796875,
    0.7718750238418579,
    0.7562500238418579,
    0.75,
    0.746874988079071,
    0.7875000238418579,
    0.793749988079071,
    0.7906249761581421,
    0.7749999761581421,
    0.800000011920929,
    0.7875000238418579,
    0.8062499761581421,
    0.765625,
    0.753125011920929,
    0.78125,
    0.765625,
    0.765625,
    0.796875,
    0.7906249761581421,
    0.768750011920929,
    0.7749999761581421,
    0.768750011920929,
    0.800000011920929,
    0.8062499761581421,
    0.800000011920929,
    0.75,
    0.796875,
    0.7906249761581421,
    0.784375011920929,
    0.7875000238418579,
    0.8062499761581421,
    0.815625011920929,
    0.796875,
    0.809374988079071,
    0.800000011920929,
    0.765625,
    0.7906249761581421,
    0.78125,
    0.7593749761581421,
    0.8500000238418579,
    0.7749999761581421,
    0.809374988079071,
    0.765625,
    0.8031250238418579,
    0.8031250238418579,
    0.796875,
    0.796875,
    0.8125,
    0.7718750238418579,
    0.84375,
    0.793749988079071,
    0.824999988079071,
    0.8062499761581421,
    0.809374988079071,
    0.7718750238418579,
    0.768750011920929,
    0.793749988079071,
    0.7906249761581421,
    0.784375011920929,
    0.840624988079071,
    0.78125,
    0.8187500238418579,
    0.8187500238418579,
    0.7875000238418579,
    0.7906249761581421,
    0.7718750238418579,
    0.8374999761581421,
    0.778124988079071,
    0.793749988079071,
    0.809374988079071,
    0.78125,
    0.824999988079071,
    0.793749988079071,
    0.8062499761581421,
    0.7875000238418579,
    0.8031250238418579,
    0.7562500238418579,
    0.809374988079071,
    0.8062499761581421,
    0.793749988079071,
    0.8031250238418579,
    0.828125,
    0.7749999761581421,
    0.7875000238418579,
    0.824999988079071,
    0.75,
    0.8125,
    0.762499988079071,
    0.800000011920929,
    0.7437499761581421
  ],
  "mean_absolute_error": [
    0.37082573771476746,
    0.3674190044403076,
    0.3351345956325531,
    0.35124388337135315,
    0.3466218113899231,
    0.3288134038448334,
    0.33644574880599976,
    0.3400321900844574,
    0.3336501717567444,
    0.3206290602684021,
    0.31829288601875305,
    0.3249727189540863,
    0.3379071354866028,
    0.33683332800865173,
    0.3463764786720276,
    0.3228713870048523,
    0.3179316520690918,
    0.31397151947021484,
    0.32497429847717285,
    0.30729007720947266,
    0.3105464577674866,
    0.2951490879058838,
    0.32135558128356934,
    0.3353422284126282,
    0.31436142325401306,
    0.33132079243659973,
    0.33344927430152893,
    0.3199118971824646,
    0.3040444254875183,
    0.327239453792572,
    0.31859922409057617,
    0.3302014470100403,
    0.3103354573249817,
    0.31444814801216125,
    0.31517350673675537,
    0.33546018600463867,
    0.31896260380744934,
    0.30821916460990906,
    0.3192695677280426,
    0.31411778926849365,
    0.30804935097694397,
    0.30296653509140015,
    0.30732405185699463,
    0.2909882962703705,
    0.3013637363910675,
    0.3293396532535553,
    0.3143470287322998,
    0.3110961318016052,
    0.31554263830184937,
    0.28367137908935547,
    0.32040804624557495,
    0.2895585894584656,
    0.32089003920555115,
    0.3116820454597473,
    0.31318399310112,
    0.29798436164855957,
    0.31046149134635925,
    0.3020052909851074,
    0.32937300205230713,
    0.27995848655700684,
    0.30980581045150757,
    0.2863070070743561,
    0.30223652720451355,
    0.2953893542289734,
    0.32648301124572754,
    0.32025739550590515,
    0.30698996782302856,
    0.31796568632125854,
    0.3165360391139984,
    0.2812977433204651,
    0.318895161151886,
    0.29349464178085327,
    0.30309993028640747,
    0.3123796880245209,
    0.3248531222343445,
    0.32085686922073364,
    0.2728993892669678,
    0.3143385052680969,
    0.29612141847610474,
    0.2947060465812683,
    0.3083973526954651,
    0.2961791157722473,
    0.3193412721157074,
    0.2938721776008606,
    0.30432814359664917,
    0.30838924646377563,
    0.32511597871780396,
    0.3116767406463623,
    0.3072599172592163,
    0.30539265275001526,
    0.3149280250072479,
    0.2965429425239563,
    0.31444376707077026,
    0.30931127071380615,
    0.2906157374382019,
    0.3237237334251404,
    0.2959521412849426,
    0.3262656033039093,
    0.3000641167163849,
    0.33743613958358765
  ],