{
  "loss": [
    0.7123243808746338,
    0.5872414708137512,
    0.570485532283783,
    0.5791398286819458,
    0.5523314476013184,
    0.5607300996780396,
    0.5948267579078674,
    0.5508639812469482,
    0.5309922695159912,
    0.568445086479187,
    0.5833256840705872,
    0.6227962374687195,
    0.5610653162002563,
    0.609023928642273,
    0.5597811937332153,
    0.5393070578575134,
    0.5299413800239563,
    0.5979479551315308,
    0.5430381894111633,
    0.5315863490104675,
    0.5297484993934631,
    0.5420631170272827,
    0.5400517582893372,
    0.5292044878005981,
    0.5444322228431702,
    0.5620126724243164,
    0.5827464461326599,
    0.5592402815818787,
    0.5408185124397278,
    0.5631620287895203,
    0.5208190679550171,
    0.5280094742774963,
    0.5233777761459351,
    0.5537994503974915,
    0.5728996396064758,
    0.5559300780296326,
    0.5361559987068176,
    0.5706461071968079,
    0.5357905030250549,
    0.5757778286933899,
    0.5262477993965149,
    0.548952579498291,
    0.5313423871994019,
    0.5898698568344116,
    0.5927605628967285,
    0.5550441145896912,
    0.5335023999214172,
    0.5490102767944336,
    0.5344860553741455,
    0.5816094875335693,
    0.599827766418457,
    0.5797494649887085,
    0.5500357151031494,
    0.5706089735031128,
    0.5493424534797668,
    0.5469967126846313,
    0.544666588306427,
    0.5317745208740234,
    0.5879822969436646,
    0.5793018341064453,
    0.5752471089363098,
    0.5714484453201294,
    0.533643364906311,
    0.5508683919906616,
    0.5544729828834534,
    0.579940676689148,
    0.5463935136795044,
    0.5366588830947876,
    0.5443339347839355,
    0.5259239077568054,
    0.5162262916564941,
    0.4889693856239319,
    0.5393191576004028,
    0.5746788382530212,
    0.5347775220870972,
    0.5571619272232056,
    0.5621598958969116,
    0.486702024936676,
    0.5275040864944458,
    0.5268230438232422,
    0.5526633858680725,
    0.520727276802063,
    0.557221531867981,
    0.5385821461677551,
    0.5327914357185364,
    0.549289345741272,
    0.5357987284660339,
    0.5219517946243286,
    0.5623536109924316,
    0.5609673261642456,
    0.5758432149887085,
    0.5545564889907837,
    0.576890766620636,
    0.5361514091491699,
    0.5097830295562744,
    0.5587013959884644,
    0.5304772853851318,
    0.513156533241272,
    0.5658316612243652,
    0.5780962109565735
  ],
  "accuracy": [
    0.534375011920929,
    0.737500011920929,
    0.7437499761581421,
    0.7250000238418579,
    0.762499988079071,
    0.731249988079071,
    0.721875011920929,
    0.7406250238418579,
    0.7749999761581421,
    0.7593749761581421,
    0.7250000238418579,
    0.715624988079071,
    0.721875011920929,
    0.721875011920929,
    0.734375,
    0.753125011920929,
    0.762499988079071,
    0.715624988079071,
    0.715624988079071,
    0.7593749761581421,
    0.75,
    0.7718750238418579,
    0.731249988079071,
    0.7593749761581421,
    0.75,
    0.721875011920929,
    0.715624988079071,
    0.71875,
    0.737500011920929,
    0.7250000238418579,
    0.762499988079071,
    0.7562500238418579,
    0.768750011920929,
    0.731249988079071,
    0.699999988079071,
    0.762499988079071,
    0.762499988079071,
    0.737500011920929,
    0.737500011920929,
    0.715624988079071,
    0.7593749761581421,
    0.731249988079071,
    0.7749999761581421,
    0.706250011920929,
    0.71875,
    0.746874988079071,
    0.7718750238418579,
    0.746874988079071,
    0.7593749761581421,
    0.71875,
    0.6968749761581421,
    0.7093750238418579,
    0.7437499761581421,
    0.703125,
    0.7437499761581421,
    0.7250000238418579,
    0.75,
    0.768750011920929,
    0.7124999761581421,
    0.721875011920929,
    0.699999988079071,
    0.7250000238418579,
    0.753125011920929,
    0.753125011920929,
    0.7406250238418579,
    0.71875,
    0.737500011920929,
    0.75,
    0.7281249761581421,
    0.7593749761581421,
    0.75,
    0.793749988079071,
    0.7593749761581421,
    0.703125,
    0.746874988079071,
    0.737500011920929,
    0.7250000238418579,
    0.7718750238418579,
    0.7593749761581421,
    0.746874988079071,
    0.721875011920929,
    0.768750011920929,
    0.721875011920929,
    0.768750011920929,
    0.737500011920929,
    0.734375,
    0.778124988079071,
    0.765625,
    0.7250000238418579,
    0.7406250238418579,
    0.703125,
    0.75,
    0.7437499761581421,
    0.762499988079071,
    0.778124988079071,
    0.706250011920929,
    0.7718750238418579,
    0.768750011920929,
    0.734375,
    0.737500011920929
  ],
  "mean_absolute_error": [
    0.4854430556297302,
    0.41854915022850037,
    0.38829249143600464,
    0.3735419809818268,
    0.35888129472732544,
    0.3625372648239136,
    0.3836820125579834,
    0.36725226044654846,
    0.35599321126937866,
    0.3662117123603821,
    0.3762153685092926,
    0.3966992497444153,
    0.37350431084632874,
    0.3888275623321533,
    0.37522149085998535,
    0.37243080139160156,
    0.365896999835968,
    0.38342946767807007,
    0.36646273732185364,
    0.35880333185195923,
    0.3565114140510559,
    0.35589438676834106,
    0.3614651560783386,
    0.35616546869277954,
    0.35966378450393677,
    0.36640405654907227,
    0.3730689287185669,
    0.3697563707828522,
    0.36157724261283875,
    0.3713584244251251,
    0.35247939825057983,
    0.35462647676467896,
    0.35072222352027893,
    0.36346226930618286,
    0.370013952255249,
    0.36239466071128845,
    0.3560912311077118,
    0.3679707646369934,
    0.3600858449935913,
    0.37575414776802063,
    0.35428494215011597,
    0.3646983504295349,
    0.35590964555740356,
    0.38240745663642883,
    0.3819659352302551,
    0.370509535074234,
    0.3601061701774597,
    0.36648452281951904,
    0.36105507612228394,
    0.37656769156455994,
    0.388857901096344,
    0.3810245394706726,
    0.364970326423645,
    0.3777926564216614,
    0.36847007274627686,
    0.3685857653617859,
    0.3626876473426819,
    0.3582252860069275,
    0.3803139328956604,
    0.37922704219818115,
    0.37740713357925415,
    0.3767217993736267,
    0.35859015583992004,
    0.3683415353298187,
    0.37204211950302124,
    0.3803587555885315,
    0.3654760718345642,
    0.3612601161003113,
    0.3669643700122833,
    0.3546512722969055,
    0.3507712781429291,
    0.34142693877220154,
    0.36379873752593994,
    0.37951135635375977,
    0.35986799001693726,
    0.37076959013938904,
    0.37360066175460815,
    0.339557409286499,
    0.3556767702102661,
    0.3594127297401428,
    0.3687525987625122,
    0.3534083366394043,
    0.37157636880874634,
    0.3609130084514618,
    0.3599708080291748,
    0.36767733097076416,
    0.3575218617916107,
    0.3528047204017639,
    0.3727494180202484,
    0.36916762590408325,
    0.3757357895374298,
    0.36629432439804077,
    0.3763032555580139,
    0.3581339716911316,
    0.3504345715045929,
    0.3727265000343323,
    0.35764098167419434,
    0.3495613932609558,
    0.3728408217430115,
    0.37570780515670776
  ],