{
  "loss": [
    0.8514684438705444,
    0.9037657976150513,
    0.5965245962142944,
    0.7229715585708618,
    0.6679178476333618,
    0.6117827296257019,
    0.6108589172363281,
    0.5741008520126343,
    0.5664669275283813,
    0.6836022138595581,
    0.5731359720230103,
    0.5610105395317078,
    0.6668057441711426,
    0.6455277800559998,
    0.6712038516998291,
    0.7152860760688782,
    0.6346953511238098,
    0.624387264251709,
    0.6526764035224915,
    0.5745137929916382,
    0.6031616926193237,
    0.6314073801040649,
    0.6255489587783813,
    0.5717440843582153,
    0.5825475454330444,
    0.6219690442085266,
    0.6602709889411926,
    0.6012494564056396,
    0.6197723746299744,
    0.6184186339378357,
    0.5987061262130737,
    0.6384044885635376,
    0.581278920173645,
    0.5942732691764832,
    0.5719625353813171,
    0.5710681676864624,
    0.5427517294883728,
    0.610625147819519,
    0.6417476534843445,
    0.5956962704658508,
    0.7040562629699707,
    0.6424242258071899,
    0.6152292490005493,
    0.660534679889679,
    0.6132026314735413,
    0.6175528764724731,
    0.5696945190429688,
    0.5644404292106628,
    0.593304455280304,
    0.605907678604126,
    0.6437917351722717,
    0.6390780210494995,
    0.580320417881012,
    0.5807324647903442,
    0.5775656700134277,
    0.5737463235855103,
    0.5763227939605713,
    0.5544830560684204,
    0.5601451396942139,
    0.6032336354255676,
    0.6065499186515808,
    0.6123532056808472,
    0.5701591372489929,
    0.6033914089202881,
    0.5651141405105591,
    0.59483402967453,
    0.5599021911621094,
    0.594025731086731,
    0.5817742347717285,
    0.6166276335716248,
    0.6013798117637634,
    0.6273213028907776,
    0.5842534303665161,
    0.6527363061904907,
    0.6017838716506958,
    0.5860146284103394,
    0.568631112575531,
    0.6015511751174927,
    0.6279271841049194,
    0.5798347592353821,
    0.5776208639144897,
    0.5859259963035583,
    0.5968289375305176,
    0.6364034414291382,
    0.6277049779891968,
    0.5913986563682556,
    0.6172236204147339,
    0.5959826111793518,
    0.5638014674186707,
    0.6223885416984558,
    0.5909463763237,
    0.6126474142074585,
    0.5942575931549072,
    0.5646625757217407,
    0.5717582702636719,
    0.5966067314147949,
    0.614172101020813,
    0.5634796619415283,
    0.6130629777908325,
    0.6163445115089417
  ],
  "accuracy": [
    0.6031249761581421,
    0.596875011920929,
    0.721875011920929,
    0.6781250238418579,
    0.715624988079071,
    0.703125,
    0.7124999761581421,
    0.7437499761581421,
    0.7406250238418579,
    0.671875,
    0.753125011920929,
    0.7562500238418579,
    0.684374988079071,
    0.71875,
    0.6937500238418579,
    0.653124988079071,
    0.7124999761581421,
    0.699999988079071,
    0.659375011920929,
    0.765625,
    0.6968749761581421,
    0.6781250238418579,
    0.690625011920929,
    0.731249988079071,
    0.7124999761581421,
    0.703125,
    0.6781250238418579,
    0.706250011920929,
    0.690625011920929,
    0.668749988079071,
    0.6968749761581421,
    0.6968749761581421,
    0.71875,
    0.7281249761581421,
    0.7281249761581421,
    0.7406250238418579,
    0.7406250238418579,
    0.6468750238418579,
    0.690625011920929,
    0.7124999761581421,
    0.6343749761581421,
    0.6875,
    0.699999988079071,
    0.659375011920929,
    0.675000011920929,
    0.731249988079071,
    0.734375,
    0.7281249761581421,
    0.6875,
    0.706250011920929,
    0.6781250238418579,
    0.699999988079071,
    0.7437499761581421,
    0.721875011920929,
    0.7093750238418579,
    0.737500011920929,
    0.7124999761581421,
    0.7281249761581421,
    0.7250000238418579,
    0.7250000238418579,
    0.703125,
    0.731249988079071,
    0.7093750238418579,
    0.6812499761581421,
    0.721875011920929,
    0.71875,
    0.7093750238418579,
    0.6968749761581421,
    0.715624988079071,
    0.731249988079071,
    0.715624988079071,
    0.703125,
    0.7124999761581421,
    0.668749988079071,
    0.6937500238418579,
    0.7562500238418579,
    0.734375,
    0.71875,
    0.7124999761581421,
    0.731249988079071,
    0.7406250238418579,
    0.715624988079071,
    0.715624988079071,
    0.6875,
    0.703125,
    0.71875,
    0.690625011920929,
    0.731249988079071,
    0.7281249761581421,
    0.7250000238418579,
    0.6937500238418579,
    0.699999988079071,
    0.703125,
    0.78125,
    0.75,
    0.699999988079071,
    0.6937500238418579,
    0.7562500238418579,
    0.6781250238418579,
    0.684374988079071
  ],
  "mean_absolute_error": [
    0.41706281900405884,
    0.42160385847091675,
    0.34989064931869507,
    0.3755952715873718,
    0.36640292406082153,
    0.365320086479187,
    0.369088351726532,
    0.356548011302948,
    0.3520441949367523,
    0.39729395508766174,
    0.36290624737739563,
    0.3534744381904602,
    0.3932834267616272,
    0.3843001425266266,
    0.3945557177066803,
    0.4197150766849518,
    0.38891762495040894,
    0.39440497756004333,
    0.41618356108665466,
    0.38228851556777954,
    0.3958702087402344,
    0.3968868553638458,
    0.4034510552883148,
    0.3790748119354248,
    0.3919095993041992,
    0.39708539843559265,
    0.42065972089767456,
    0.3997105062007904,
    0.41157931089401245,
    0.41380175948143005,
    0.4051966667175293,
    0.4094957709312439,
    0.3892920911312103,
    0.3956063687801361,
    0.3905062973499298,
    0.3864589333534241,
    0.3684784770011902,
    0.4063844680786133,
    0.4146861135959625,
    0.39594346284866333,
    0.4370849132537842,
    0.41148248314857483,
    0.40465134382247925,
    0.4197085499763489,
    0.4104863703250885,
    0.400584876537323,
    0.390968382358551,
    0.38627150654792786,
    0.3988063335418701,
    0.4046104848384857,
    0.4180651605129242,
    0.4124481678009033,
    0.3821331560611725,
    0.3872193992137909,
    0.39341163635253906,
    0.38448435068130493,
    0.3877074718475342,
    0.38498103618621826,
    0.39005178213119507,
    0.3924388587474823,
    0.3984646499156952,
    0.39847129583358765,
    0.3894803524017334,
    0.4044356942176819,
    0.3842013478279114,
    0.39574694633483887,
    0.3825858235359192,
    0.396367609500885,
    0.3898146152496338,
    0.3958187699317932,
    0.39659184217453003,
    0.4068647027015686,
    0.38884249329566956,
    0.4158269464969635,
    0.39862775802612305,
    0.3878290355205536,
    0.3816918730735779,
    0.3948703110218048,
    0.40389570593833923,
    0.3876589834690094,
    0.38320866227149963,
    0.3896694779396057,
    0.39744338393211365,
    0.4118408262729645,
    0.40437132120132446,
    0.38605624437332153,
    0.4086470603942871,
    0.39152464270591736,
    0.3836793303489685,
    0.4030725359916687,
    0.3888227939605713,
    0.4027281701564789,
    0.3969891667366028,
    0.38340839743614197,
    0.38305288553237915,
    0.3967994153499603,
    0.4004727900028229,
    0.38149866461753845,
    0.4053169786930084,
    0.40344804525375366
  ],