{
  "loss": [
    0.8154758214950562,
    0.7042365074157715,
    0.6646047234535217,
    0.565111517906189,
    0.5693562626838684,
    0.5680071711540222,
    0.5152700543403625,
    0.5463869571685791,
    0.5749174356460571,
    0.5809422731399536,
    0.5314359664916992,
    0.5523332357406616,
    0.542570948600769,
    0.5312506556510925,
    0.5233015418052673,
    0.5896818041801453,
    0.4539773464202881,
    0.5697582364082336,
    0.5179555416107178,
    0.5475698709487915,
    0.5827934145927429,
    0.5493100881576538,
    0.5478140115737915,
    0.544805645942688,
    0.5828269720077515,
    0.554389476776123,
    0.5423428416252136,
    0.5258122682571411,
    0.644415557384491,
    0.5871440172195435,
    0.508836567401886,
    0.548927903175354,
    0.5072523355484009,
    0.524934709072113,
    0.5261328816413879,
    0.5205825567245483,
    0.5653277039527893,
    0.533473014831543,
    0.5612607002258301,
    0.519288182258606,
    0.534913957118988,
    0.5735965967178345,
    0.4727335572242737,
    0.5878796577453613,
    0.5551319718360901,
    0.5305884480476379,
    0.5464460849761963,
    0.5248086452484131,
    0.5179733037948608,
    0.5511070489883423,
    0.5204607248306274,
    0.5318255424499512,
    0.5256783366203308,
    0.5402928590774536,
    0.5510671138763428,
    0.5299428105354309,
    0.5575617551803589,
    0.4775990843772888,
    0.49955835938453674,
    0.5375086665153503,
    0.5188876390457153,
    0.5272728800773621,
    0.5596454739570618,
    0.5468958616256714,
    0.5733120441436768,
    0.4876633286476135,
    0.5759667158126831,
    0.5227302312850952,
    0.6027172207832336,
    0.5618115663528442,
    0.4878012239933014,
    0.5439614057540894,
    0.5447949171066284,
    0.5169005393981934,
    0.49040961265563965,
    0.5340576171875,
    0.49261537194252014,
    0.5099645853042603,
    0.5550323724746704,
    0.5484704375267029,
    0.5512941479682922,
    0.5320385694503784,
    0.5639318823814392,
    0.5620667338371277,
    0.5959287881851196,
    0.5780546069145203,
    0.5712681412696838,
    0.6074907779693604,
    0.611644983291626,
    0.5198032259941101,
    0.5092760324478149,
    0.5516928434371948,
    0.5572803616523743,
    0.5173619389533997,
    0.568771481513977,
    0.5634032487869263,
    0.5468906164169312,
    0.5055718421936035,
    0.5683817267417908,
    0.5528818368911743
  ],
  "accuracy": [
    0.44062501192092896,
    0.5687500238418579,
    0.6812499761581421,
    0.715624988079071,
    0.762499988079071,
    0.762499988079071,
    0.765625,
    0.7593749761581421,
    0.7562500238418579,
    0.7406250238418579,
    0.765625,
    0.734375,
    0.762499988079071,
    0.7593749761581421,
    0.778124988079071,
    0.6937500238418579,
    0.7875000238418579,
    0.753125011920929,
    0.746874988079071,
    0.75,
    0.721875011920929,
    0.762499988079071,
    0.731249988079071,
    0.7406250238418579,
    0.7093750238418579,
    0.721875011920929,
    0.765625,
    0.765625,
    0.703125,
    0.703125,
    0.7906249761581421,
    0.75,
    0.765625,
    0.7437499761581421,
    0.7593749761581421,
    0.7593749761581421,
    0.731249988079071,
    0.75,
    0.737500011920929,
    0.784375011920929,
    0.7875000238418579,
    0.731249988079071,
    0.7906249761581421,
    0.737500011920929,
    0.7250000238418579,
    0.7437499761581421,
    0.734375,
    0.768750011920929,
    0.7718750238418579,
    0.734375,
    0.765625,
    0.731249988079071,
    0.734375,
    0.768750011920929,
    0.737500011920929,
    0.7437499761581421,
    0.7250000238418579,
    0.800000011920929,
    0.768750011920929,
    0.7749999761581421,
    0.762499988079071,
    0.793749988079071,
    0.753125011920929,
    0.7406250238418579,
    0.7406250238418579,
    0.7906249761581421,
    0.737500011920929,
    0.762499988079071,
    0.7093750238418579,
    0.746874988079071,
    0.7875000238418579,
    0.753125011920929,
    0.753125011920929,
    0.75,
    0.768750011920929,
    0.768750011920929,
    0.765625,
    0.762499988079071,
    0.7281249761581421,
    0.731249988079071,
    0.734375,
    0.75,
    0.721875011920929,
    0.7437499761581421,
    0.7124999761581421,
    0.753125011920929,
    0.703125,
    0.7124999761581421,
    0.71875,
    0.765625,
    0.746874988079071,
    0.721875011920929,
    0.7406250238418579,
    0.784375011920929,
    0.731249988079071,
    0.731249988079071,
    0.75,
    0.778124988079071,
    0.7093750238418579,
    0.731249988079071
  ],
  "mean_absolute_error": [
    0.502543032169342,
    0.448561429977417,
    0.40141886472702026,
    0.36429303884506226,
    0.3544189929962158,
    0.35194820165634155,
    0.3388115167617798,
    0.3479480743408203,
    0.3545563220977783,
    0.3608578145503998,
    0.3499377369880676,
    0.3590729236602783,
    0.35042691230773926,
    0.3434135913848877,
    0.34441402554512024,
    0.37462082505226135,
    0.3156154751777649,
    0.3605562150478363,
    0.3450806736946106,
    0.3584343492984772,
    0.36659225821495056,
    0.3552684485912323,
    0.359718382358551,
    0.35882997512817383,
    0.37145280838012695,
    0.36321359872817993,
    0.3561471998691559,
    0.3528493642807007,
    0.39817139506340027,
    0.3801460862159729,
    0.3438989520072937,
    0.3641471862792969,
    0.3492876887321472,
    0.3547549843788147,
    0.3553037643432617,
    0.3509484827518463,
    0.36726269125938416,
    0.35288915038108826,
    0.36649614572525024,
    0.3484812378883362,
    0.35957399010658264,
    0.37073999643325806,
    0.3298512101173401,
    0.3748922049999237,
    0.3674370050430298,
    0.35171470046043396,
    0.3587345480918884,
    0.35125094652175903,
    0.3496958613395691,
    0.35965695977211,
    0.3503821790218353,
    0.35724419355392456,
    0.3517431616783142,
    0.3563977777957916,
    0.3603876233100891,
    0.35699325799942017,
    0.36717119812965393,
    0.33209434151649475,
    0.340188205242157,
    0.3569623529911041,
    0.3485466539859772,
    0.3508843779563904,
    0.3642977476119995,
    0.3598525822162628,
    0.37067848443984985,
    0.33509454131126404,
    0.3676813244819641,
    0.34932202100753784,
    0.38540950417518616,
    0.3650064766407013,
    0.33715876936912537,
    0.3608447313308716,
    0.3595263957977295,
    0.3490936756134033,
    0.338155061006546,
    0.3498472273349762,
    0.33852341771125793,
    0.34656813740730286,
    0.3646029829978943,
    0.3623317778110504,
    0.3617616891860962,
    0.35297590494155884,
    0.36774665117263794,
    0.36379966139793396,
    0.3841467499732971,
    0.37281692028045654,
    0.3760558068752289,
    0.38845694065093994,
    0.3870592713356018,
    0.3451231122016907,
    0.34838563203811646,
    0.3626331388950348,
    0.36635327339172363,
    0.34833091497421265,
    0.36646705865859985,
    0.3645282983779907,
    0.3579331040382385,
    0.3432560861110687,
    0.3674238324165344,
    0.36589887738227844
  ],