{
  "loss": [
    0.7339730262756348,
    0.6622874140739441,
    0.6671248078346252,
    0.6520777940750122,
    0.5985724925994873,
    0.6413716077804565,
    0.5937211513519287,
    0.5922847986221313,
    0.610325276851654,
    0.620399534702301,
    0.5756176710128784,
    0.5686184167861938,
    0.566657543182373,
    0.5447288751602173,
    0.5739338994026184,
    0.551545262336731,
    0.5421085953712463,
    0.5886523723602295,
    0.5683161020278931,
    0.5532367825508118,
    0.5593147873878479,
    0.5076567530632019,
    0.5860871076583862,
    0.5723097324371338,
    0.6139675378799438,
    0.5173825621604919,
    0.5716755986213684,
    0.512054443359375,
    0.5311101078987122,
    0.5447535514831543,
    0.587643027305603,
    0.5631247758865356,
    0.5540139079093933,
    0.5116750597953796,
    0.5435712933540344,
    0.5153043866157532,
    0.49600809812545776,
    0.5329734086990356,
    0.5571486353874207,
    0.5149264931678772,
    0.5211580395698547,
    0.5047186017036438,
    0.5550416111946106,
    0.5060035586357117,
    0.5199226140975952,
    0.5238427519798279,
    0.5302715301513672,
    0.5218898057937622,
    0.5406848788261414,
    0.5098394155502319,
    0.5572402477264404,
    0.5662393569946289,
    0.5186635851860046,
    0.5229007601737976,
    0.5711449384689331,
    0.5130544900894165,
    0.5427400469779968,
    0.462594211101532,
    0.4883092939853668,
    0.5516753792762756,
    0.5852628946304321,
    0.5627691149711609,
    0.4894574284553528,
    0.5598582625389099,
    0.5336600542068481,
    0.5434319376945496,
    0.5454211235046387,
    0.5193803310394287,
    0.49945005774497986,
    0.569861888885498,
    0.559982419013977,
    0.5739845037460327,
    0.5388904809951782,
    0.5196682214736938,
    0.5453629493713379,
    0.5080349445343018,
    0.5378044843673706,
    0.5536248087882996,
    0.5326203107833862,
    0.5085751414299011,
    0.5574021339416504,
    0.5210683941841125,
    0.5473510026931763,
    0.5896584987640381,
    0.528380274772644,
    0.5186326503753662,
    0.5316296815872192,
    0.5340282917022705,
    0.5298213362693787,
    0.5279542803764343,
    0.5052429437637329,
    0.52090984582901,
    0.47442975640296936,
    0.5052049160003662,
    0.5356027483940125,
    0.49908867478370667,
    0.5281446576118469,
    0.5648625493049622,
    0.5391285419464111,
    0.5719655752182007
  ],
  "accuracy": [
    0.643750011920929,
    0.6812499761581421,
    0.609375,
    0.643750011920929,
    0.7250000238418579,
    0.6625000238418579,
    0.7281249761581421,
    0.71875,
    0.7250000238418579,
    0.703125,
    0.737500011920929,
    0.721875011920929,
    0.7406250238418579,
    0.7406250238418579,
    0.7281249761581421,
    0.765625,
    0.753125011920929,
    0.734375,
    0.731249988079071,
    0.7406250238418579,
    0.734375,
    0.796875,
    0.7281249761581421,
    0.731249988079071,
    0.6968749761581421,
    0.7875000238418579,
    0.715624988079071,
    0.7875000238418579,
    0.734375,
    0.721875011920929,
    0.71875,
    0.768750011920929,
    0.753125011920929,
    0.800000011920929,
    0.746874988079071,
    0.768750011920929,
    0.7875000238418579,
    0.7406250238418579,
    0.75,
    0.778124988079071,
    0.75,
    0.765625,
    0.7437499761581421,
    0.7906249761581421,
    0.7593749761581421,
    0.75,
    0.78125,
    0.7718750238418579,
    0.768750011920929,
    0.8125,
    0.7437499761581421,
    0.7250000238418579,
    0.7875000238418579,
    0.7562500238418579,
    0.7406250238418579,
    0.7906249761581421,
    0.7437499761581421,
    0.8062499761581421,
    0.800000011920929,
    0.7250000238418579,
    0.721875011920929,
    0.746874988079071,
    0.809374988079071,
    0.731249988079071,
    0.762499988079071,
    0.7406250238418579,
    0.75,
    0.7718750238418579,
    0.7562500238418579,
    0.7250000238418579,
    0.7437499761581421,
    0.7250000238418579,
    0.731249988079071,
    0.753125011920929,
    0.7437499761581421,
    0.7593749761581421,
    0.7749999761581421,
    0.765625,
    0.753125011920929,
    0.7593749761581421,
    0.731249988079071,
    0.768750011920929,
    0.737500011920929,
    0.6937500238418579,
    0.7562500238418579,
    0.765625,
    0.721875011920929,
    0.7437499761581421,
    0.7437499761581421,
    0.7593749761581421,
    0.762499988079071,
    0.768750011920929,
    0.78125,
    0.768750011920929,
    0.762499988079071,
    0.75,
    0.7562500238418579,
    0.7250000238418579,
    0.7718750238418579,
    0.7593749761581421
  ],
  "mean_absolute_error": [
    0.41308465600013733,
    0.3885665535926819,
    0.42952194809913635,
    0.4244254529476166,
    0.38640502095222473,
    0.4074521064758301,
    0.38284537196159363,
    0.3878333568572998,
    0.3891405463218689,
    0.3948998749256134,
    0.3764925003051758,
    0.3762297034263611,
    0.3697444796562195,
    0.36530306935310364,
    0.3748965263366699,
    0.36936455965042114,
    0.3659869134426117,
    0.3774458169937134,
    0.3711215853691101,
    0.36423563957214355,
    0.3753948509693146,
    0.3484145700931549,
    0.3747367262840271,
    0.3693236708641052,
    0.3903321921825409,
    0.3560594618320465,
    0.3804711401462555,
    0.3442130982875824,
    0.3534487187862396,
    0.3621940612792969,
    0.3716358542442322,
    0.3622601330280304,
    0.36577552556991577,
    0.34250324964523315,
    0.35948488116264343,
    0.3485470712184906,
    0.33765774965286255,
    0.35297200083732605,
    0.35970449447631836,
    0.3470652401447296,
    0.348221093416214,
    0.3392656743526459,
    0.3572404980659485,
    0.33467206358909607,
    0.345407098531723,
    0.3499299883842468,
    0.3472904562950134,
    0.3441697955131531,
    0.3498169779777527,
    0.3381918966770172,
    0.3597545325756073,
    0.3679826855659485,
    0.3420310318470001,
    0.342881977558136,
    0.3667626976966858,
    0.33674171566963196,
    0.3534156084060669,
    0.317813903093338,
    0.33211368322372437,
    0.35960403084754944,
    0.36822664737701416,
    0.3615383505821228,
    0.3281857371330261,
    0.3637620210647583,
    0.3513204753398895,
    0.355038046836853,
    0.35508057475090027,
    0.34569573402404785,
    0.3405347466468811,
    0.3685144782066345,
    0.35962608456611633,
    0.36728769540786743,
    0.3559432029724121,
    0.3472670912742615,
    0.35772138833999634,
    0.3413194417953491,
    0.35041454434394836,
    0.35647058486938477,
    0.35386937856674194,
    0.34225669503211975,
    0.3616986870765686,
    0.3441666066646576,
    0.36131513118743896,
    0.3767894208431244,
    0.34943073987960815,
    0.3498062789440155,
    0.3521599769592285,
    0.35403305292129517,
    0.3519980311393738,
    0.3511154055595398,
    0.3410945534706116,
    0.34862715005874634,
    0.3297902047634125,
    0.34112459421157837,
    0.35228675603866577,
    0.3375650644302368,
    0.3454296588897705,
    0.3655529022216797,
    0.3555530905723572,
    0.3629545569419861
  ],